dataset,seed,stability_max,replay_weight_min,stage_trees_max,combiner_rows,objective,prequential_skill,post_update_skill,final_avg_skill,forgetting
nonlinear_regression,1001,0.05,0.1,100,heldout,0.6890963511842688,0.34622001286630655,0.9001026785340103,0.8209663621524896,0.1065896549204399
nonlinear_regression,1002,0.05,0.1,100,heldout,0.6254021327898851,0.18470211668789355,0.8817704510854478,0.809733830596314,0.10207191631134291
nonlinear_classification,1001,0.05,0.1,100,heldout,0.6824465958552858,0.6249044751923509,0.7167709616387585,0.7056643507347481,0.020412740549040465
nonlinear_classification,1002,0.05,0.1,100,heldout,0.7392082718844368,0.6749184720298318,0.773667986757605,0.769038356865874,0.0037827940203800092
nonlinear_regression,1001,0.05,0.1,100,all_new,0.6859363553516996,0.3321593377147466,0.9085045790661632,0.8171451492741891,0.11976807155046842
nonlinear_regression,1002,0.05,0.1,100,all_new,0.6325851143599446,0.20334671446987126,0.893358036289991,0.8010505923199716,0.12451354936131395
nonlinear_classification,1001,0.05,0.1,100,all_new,0.6588169513795805,0.6267221639646239,0.7062704355549906,0.6434582546191272,0.0852361662682663
nonlinear_classification,1002,0.05,0.1,100,all_new,0.7242900614101736,0.6681541101096021,0.7738161085236277,0.730899965597291,0.045265181138858746
nonlinear_regression,1001,0.05,0.1,300,heldout,0.6890963511842688,0.34622001286630655,0.9001026785340103,0.8209663621524896,0.1065896549204399
nonlinear_regression,1002,0.05,0.1,300,heldout,0.6190508889638119,0.18216136884807074,0.8786783604610089,0.7963129375823559,0.11575594195435135
nonlinear_classification,1001,0.05,0.1,300,heldout,0.6824465958552858,0.6249044751923509,0.7167709616387585,0.7056643507347481,0.020412740549040465
nonlinear_classification,1002,0.05,0.1,300,heldout,0.7392082718844368,0.6749184720298318,0.773667986757605,0.769038356865874,0.0037827940203800092
nonlinear_regression,1001,0.05,0.1,300,all_new,0.6859363553516996,0.3321593377147466,0.9085045790661632,0.8171451492741891,0.11976807155046842
nonlinear_regression,1002,0.05,0.1,300,all_new,0.6328403193265838,0.193135804874999,0.8994586675312997,0.8059264855734527,0.1245193140357711
nonlinear_classification,1001,0.05,0.1,300,all_new,0.6588169513795805,0.6267221639646239,0.7062704355549906,0.6434582546191272,0.0852361662682663
nonlinear_classification,1002,0.05,0.1,300,all_new,0.7242900614101736,0.6681541101096021,0.7738161085236277,0.730899965597291,0.045265181138858746
nonlinear_regression,1001,0.05,0.5,100,heldout,0.6876170548642181,0.32760644637105385,0.8939985844553828,0.8412461337662178,0.07513584632465206
nonlinear_regression,1002,0.05,0.5,100,heldout,0.6172648166056498,0.15671474608867492,0.8699833671649354,0.8250963365633389,0.07108169993204916
nonlinear_classification,1001,0.05,0.5,100,heldout,0.686468132415419,0.6239795853773932,0.7167647891074935,0.7186600227613706,0.00861021733824019
nonlinear_classification,1002,0.05,0.5,100,heldout,0.7426945752736863,0.6748211233996868,0.775328623708065,0.7779339787133074,-0.008014440198294837
nonlinear_regression,1001,0.05,0.5,100,all_new,0.696528907406701,0.3312066269764513,0.9153521509788222,0.8430279442648295,0.094262149724827
nonlinear_regression,1002,0.05,0.5,100,all_new,0.6339423995748791,0.19162084517404318,0.891838946513302,0.8183674070372918,0.10134844118797479
nonlinear_classification,1001,0.05,0.5,100,all_new,0.6709659452677862,0.6268313200415219,0.7309385576528291,0.6551279581090079,0.09531715900375404
nonlinear_classification,1002,0.05,0.5,100,all_new,0.7245418824316238,0.6755005317483138,0.7639518912873537,0.734173224259204,0.036091938285947645
nonlinear_regression,1001,0.05,0.5,300,heldout,0.6876170548642181,0.32760644637105385,0.8939985844553828,0.8412461337662178,0.07513584632465206
nonlinear_regression,1002,0.05,0.5,300,heldout,0.6171181158953423,0.1581018396123096,0.868221606565589,0.825030901508128,0.06940173315171644
nonlinear_classification,1001,0.05,0.5,300,heldout,0.686468132415419,0.6239795853773932,0.7167647891074935,0.7186600227613706,0.00861021733824019
nonlinear_classification,1002,0.05,0.5,300,heldout,0.7426945752736863,0.6748211233996868,0.775328623708065,0.7779339787133074,-0.008014440198294837
nonlinear_regression,1001,0.05,0.5,300,all_new,0.696528907406701,0.3312066269764513,0.9153521509788222,0.8430279442648295,0.094262149724827
nonlinear_regression,1002,0.05,0.5,300,all_new,0.6289769404341451,0.17973449657449875,0.894505749721827,0.8126905750061095,0.11111128443547741
nonlinear_classification,1001,0.05,0.5,300,all_new,0.6760497376817005,0.6281413858953058,0.725319017095957,0.6746888100538386,0.06524655351584352
nonlinear_classification,1002,0.05,0.5,300,all_new,0.7245418824316238,0.6755005317483138,0.7639518912873537,0.734173224259204,0.036091938285947645
nonlinear_regression,1001,0.05,1.0,100,heldout,0.6707782835643515,0.2847400450500198,0.8804903429337434,0.8471044627092915,0.0543046936241707
nonlinear_regression,1002,0.05,1.0,100,heldout,0.6090535328117176,0.14418071524881,0.8517232933186618,0.8312565898676809,0.048707519072859584
nonlinear_classification,1001,0.05,1.0,100,heldout,0.6794938068485658,0.6238352086731693,0.7124075393907112,0.7022386724818169,0.03348943569171009
nonlinear_classification,1002,0.05,1.0,100,heldout,0.7442108093154097,0.6748769753600267,0.7735281370849796,0.7842273155012232,-0.012532987517352046
nonlinear_regression,1001,0.05,1.0,100,all_new,0.6934335466904337,0.3238591132562684,0.9101563799083783,0.8462851469066542,0.0854319769176291
nonlinear_regression,1002,0.05,1.0,100,all_new,0.6347269003949133,0.1876673799005229,0.8900991063564574,0.8264142149277596,0.08955009116804535
nonlinear_classification,1001,0.05,1.0,100,all_new,0.6620156324343519,0.6227536803165985,0.7059079661087053,0.657385250877752,0.06746495149870008
nonlinear_classification,1002,0.05,1.0,100,all_new,0.7404540278821093,0.6812940829101044,0.7757484063577813,0.7643195943784424,0.005224053487650038
nonlinear_regression,1001,0.05,1.0,300,heldout,0.6708518297863275,0.2882862043927899,0.8806421060825452,0.8436271788836471,0.05993501568531734
nonlinear_regression,1002,0.05,1.0,300,heldout,0.6015740226960932,0.1296857134242646,0.8485849004896293,0.8264514541743857,0.051325185783443084
nonlinear_classification,1001,0.05,1.0,300,heldout,0.6826250830345417,0.6228072508264508,0.7118397749592197,0.7132282233179545,0.01830237977387006
nonlinear_classification,1002,0.05,1.0,300,heldout,0.7442108093154097,0.6748769753600267,0.7735281370849796,0.7842273155012232,-0.012532987517352046
nonlinear_regression,1001,0.05,1.0,300,all_new,0.6928037359751049,0.3176120850898435,0.9111538026105375,0.8496453202249338,0.0839932187713461
nonlinear_regression,1002,0.05,1.0,300,all_new,0.6283218071232403,0.17056423046673239,0.8912012904945857,0.8231999004084027,0.09467016845536991
nonlinear_classification,1001,0.05,1.0,300,all_new,0.6620156324343519,0.6227536803165985,0.7059079661087053,0.657385250877752,0.06746495149870008
nonlinear_classification,1002,0.05,1.0,300,all_new,0.7404540278821093,0.6812940829101044,0.7757484063577813,0.7643195943784424,0.005224053487650038
nonlinear_regression,1001,0.25,0.1,100,heldout,0.6840896406685081,0.33673877423516074,0.8961340651677838,0.8193960826025798,0.10458389099160079
nonlinear_regression,1002,0.25,0.1,100,heldout,0.6199985217131423,0.18639166110012836,0.8807581907305179,0.7928457133087808,0.12216980256582938
nonlinear_classification,1001,0.25,0.1,100,heldout,0.6881604228717574,0.6218614702402028,0.7163378630507613,0.726281935324308,-0.0011661383882914378
nonlinear_classification,1002,0.25,0.1,100,heldout,0.739291038389379,0.6759241132215565,0.7727299904500606,0.7692190114965202,0.008807643133790677
nonlinear_regression,1001,0.25,0.1,100,all_new,0.693788340690495,0.34380627072557524,0.9081607276321116,0.8293980237137983,0.10410812706690534
nonlinear_regression,1002,0.25,0.1,100,all_new,0.6257833017418138,0.18847480775759928,0.8955256267902754,0.7933494706775667,0.1363075419146043
nonlinear_classification,1001,0.25,0.1,100,all_new,0.677680232894148,0.6208321896181429,0.7276009937081793,0.6846075153561222,0.056266981902443725
nonlinear_classification,1002,0.25,0.1,100,all_new,0.7305193037154597,0.6611878950347826,0.7715652227060652,0.7588047934055316,0.007232900416937915
nonlinear_regression,1001,0.25,0.1,300,heldout,0.6840896406685081,0.33673877423516074,0.8961340651677838,0.8193960826025798,0.10458389099160079
nonlinear_regression,1002,0.25,0.1,300,heldout,0.6198417780491469,0.186729118616807,0.8778686492155,0.7949275663151333,0.11667794479287094
nonlinear_classification,1001,0.25,0.1,300,heldout,0.6881604228717574,0.6218614702402028,0.7163378630507613,0.726281935324308,-0.0011661383882914378
nonlinear_classification,1002,0.25,0.1,300,heldout,0.739291038389379,0.6759241132215565,0.7727299904500606,0.7692190114965202,0.008807643133790677
nonlinear_regression,1001,0.25,0.1,300,all_new,0.693788340690495,0.34380627072557524,0.9081607276321116,0.8293980237137983,0.10410812706690534
nonlinear_regression,1002,0.25,0.1,300,all_new,0.6317926017710112,0.20143473771669923,0.8941459520298353,0.799797115566499,0.12686831104299912
nonlinear_classification,1001,0.25,0.1,300,all_new,0.677680232894148,0.6208321896181429,0.7276009937081793,0.6846075153561222,0.056266981902443725
nonlinear_classification,1002,0.25,0.1,300,all_new,0.7305193037154597,0.6611878950347826,0.7715652227060652,0.7588047934055316,0.007232900416937915
nonlinear_regression,1001,0.25,0.5,100,heldout,0.6835363138669667,0.31915651569848563,0.8911897540049314,0.8402626718974828,0.07355634321011964
nonlinear_regression,1002,0.25,0.5,100,heldout,0.6134929796223693,0.1613017509756261,0.8664237004775557,0.8127534874139262,0.08295059468143554
nonlinear_classification,1001,0.25,0.5,100,heldout,0.6874255829708297,0.6238969781203627,0.7159052058082069,0.7224745649839195,0.013980695290417566
nonlinear_classification,1002,0.25,0.5,100,heldout,0.7500056948145039,0.6813316407407065,0.784207395858235,0.7844780478445701,0.0008409463112669102
nonlinear_regression,1001,0.25,0.5,100,all_new,0.701800814686652,0.3405368760534404,0.9149211994811075,0.8499443685254082,0.08518566790138885
nonlinear_regression,1002,0.25,0.5,100,all_new,0.6337403660130048,0.1968985981146826,0.8896620904682127,0.8146604094561191,0.10380533211935117
nonlinear_classification,1001,0.25,0.5,100,all_new,0.6849448898639334,0.6240844061810555,0.7260114754859088,0.704738787924836,0.029513372969280915
nonlinear_classification,1002,0.25,0.5,100,all_new,0.7397933620493689,0.6748274551933302,0.7834144053951906,0.7611382255595857,0.023968414161995022
nonlinear_regression,1001,0.25,0.5,300,heldout,0.6835363138669667,0.31915651569848563,0.8911897540049314,0.8402626718974828,0.07355634321011964
nonlinear_regression,1002,0.25,0.5,300,heldout,0.615767522659296,0.16391812319049698,0.863436166655432,0.8199482781319591,0.07096957246177069
nonlinear_classification,1001,0.25,0.5,300,heldout,0.6874255829708297,0.6238969781203627,0.7159052058082069,0.7224745649839195,0.013980695290417566
nonlinear_classification,1002,0.25,0.5,300,heldout,0.7478813351043216,0.6806228264760811,0.779564696043233,0.7834564827936512,-0.0010503011635457637
nonlinear_regression,1001,0.25,0.5,300,all_new,0.701800814686652,0.3405368760534404,0.9149211994811075,0.8499443685254082,0.08518566790138885
nonlinear_regression,1002,0.25,0.5,300,all_new,0.6436029563531286,0.2125523286126873,0.8946244125407627,0.8236321279059355,0.09755300612963089
nonlinear_classification,1001,0.25,0.5,300,all_new,0.6856504255754635,0.6245843547327867,0.7290092349642434,0.7033576870293604,0.03423750856696001
nonlinear_classification,1002,0.25,0.5,300,all_new,0.7397933620493689,0.6748274551933302,0.7834144053951906,0.7611382255595857,0.023968414161995022
nonlinear_regression,1001,0.25,1.0,100,heldout,0.6696374028784655,0.28249229160345196,0.8790022337932519,0.8474176832386924,0.052472546581052604
nonlinear_regression,1002,0.25,1.0,100,heldout,0.6046310910215884,0.13575241157133433,0.8509467497035934,0.8271941117898376,0.05290581626963822
nonlinear_classification,1001,0.25,1.0,100,heldout,0.6832463101819505,0.6211707129216866,0.7086171827634176,0.7199510348607474,0.018487592473314884
nonlinear_classification,1002,0.25,1.0,100,heldout,0.7418418342348954,0.6766023571103873,0.7748377221916545,0.7740854234026446,0.008958619355011521
nonlinear_regression,1001,0.25,1.0,100,all_new,0.6928561532024308,0.31779985001289884,0.9114329233608947,0.8493356862334988,0.08305439199790593
nonlinear_regression,1002,0.25,1.0,100,all_new,0.6290187513402318,0.18161899903898546,0.8867013834605568,0.818735871521153,0.09575029753040304
nonlinear_classification,1001,0.25,1.0,100,all_new,0.6874286906036494,0.6311051226839453,0.7187077897218463,0.7124731594051564,0.012541722854818083
nonlinear_classification,1002,0.25,1.0,100,all_new,0.7381204226167242,0.6722085155087978,0.7808384678954299,0.761314284445945,0.018131662776926627
nonlinear_regression,1001,0.25,1.0,300,heldout,0.668873282045881,0.2892995051251737,0.8772258938545788,0.8400944471578906,0.06104534801726158
nonlinear_regression,1002,0.25,1.0,300,heldout,0.600255804871855,0.13325812591013614,0.8476876012590022,0.8198216874464265,0.059477409097244166
nonlinear_classification,1001,0.25,1.0,300,heldout,0.6832463101819505,0.6211707129216866,0.7086171827634176,0.7199510348607474,0.018487592473314884
nonlinear_classification,1002,0.25,1.0,300,heldout,0.7418418342348954,0.6766023571103873,0.7748377221916545,0.7740854234026446,0.008958619355011521
nonlinear_regression,1001,0.25,1.0,300,all_new,0.6892217125534916,0.3104268497277708,0.9098890812169202,0.8473492067157841,0.0856139337201203
nonlinear_regression,1002,0.25,1.0,300,all_new,0.638241015861398,0.20464148665806048,0.8852236365288545,0.8248579243972791,0.086619984503543
nonlinear_classification,1001,0.25,1.0,300,all_new,0.6874286906036494,0.6311051226839453,0.7187077897218463,0.7124731594051564,0.012541722854818083
nonlinear_classification,1002,0.25,1.0,300,all_new,0.7381204226167242,0.6722085155087978,0.7808384678954299,0.761314284445945,0.018131662776926627
nonlinear_regression,1001,1.0,0.1,100,heldout,0.6778977426713088,0.33524896881774746,0.8901944290243411,0.8082498301718379,0.11257707038658532
nonlinear_regression,1002,1.0,0.1,100,heldout,0.6194559121981889,0.17447611474533084,0.8746334970336311,0.8092581248156044,0.09620367246914227
nonlinear_classification,1001,1.0,0.1,100,heldout,0.6857512188339762,0.6231611014267311,0.7001425268363248,0.7339500282388729,0.006662881195743597
nonlinear_classification,1002,1.0,0.1,100,heldout,0.7347307775552198,0.6693989559133393,0.755996486066087,0.7787968906862331,0.0043977534001442
nonlinear_regression,1001,1.0,0.1,100,all_new,0.6915594025880757,0.34700182675852875,0.9053054365869309,0.8223709444187675,0.11003668514051315
nonlinear_regression,1002,1.0,0.1,100,all_new,0.627331157578201,0.19260101521896364,0.8907757804745404,0.798616677041099,0.1254210003979849
nonlinear_classification,1001,1.0,0.1,100,all_new,0.6699552457592421,0.6165909935770366,0.7100101912967688,0.6832645524039214,0.03913542801206987
nonlinear_classification,1002,1.0,0.1,100,all_new,0.7220713233560471,0.6590915715886387,0.7614908662942821,0.7456315321852204,0.023320109236448006
nonlinear_regression,1001,1.0,0.1,300,heldout,0.6778977426713088,0.33524896881774746,0.8901944290243411,0.8082498301718379,0.11257707038658532
nonlinear_regression,1002,1.0,0.1,300,heldout,0.6175178390890665,0.1852966823810512,0.8736449807704776,0.7936118541156709,0.11486829119434877
nonlinear_classification,1001,1.0,0.1,300,heldout,0.6857512188339762,0.6231611014267311,0.7001425268363248,0.7339500282388729,0.006662881195743597
nonlinear_classification,1002,1.0,0.1,300,heldout,0.7347307775552198,0.6693989559133393,0.755996486066087,0.7787968906862331,0.0043977534001442
nonlinear_regression,1001,1.0,0.1,300,all_new,0.6915594025880757,0.34700182675852875,0.9053054365869309,0.8223709444187675,0.11003668514051315
nonlinear_regression,1002,1.0,0.1,300,all_new,0.6240391837564095,0.18119380395713136,0.8917883799818125,0.7991353673302849,0.12602130229232145
nonlinear_classification,1001,1.0,0.1,300,all_new,0.6699552457592421,0.6165909935770366,0.7100101912967688,0.6832645524039214,0.03913542801206987
nonlinear_classification,1002,1.0,0.1,300,all_new,0.7220713233560471,0.6590915715886387,0.7614908662942821,0.7456315321852204,0.023320109236448006
nonlinear_regression,1001,1.0,0.5,100,heldout,0.6851741413444378,0.3223110525827091,0.8898829533603784,0.8433284180902259,0.06841735982463748
nonlinear_regression,1002,1.0,0.5,100,heldout,0.611981362829956,0.15311140223420183,0.8595909744438006,0.8232417118118652,0.06368166613398554
nonlinear_classification,1001,1.0,0.5,100,heldout,0.6776267041644418,0.6116566468641271,0.6913114491565007,0.7299120164726973,0.0051060753960459615
nonlinear_classification,1002,1.0,0.5,100,heldout,0.734634555658157,0.6675411372200777,0.7514151392921176,0.7849473904622759,-0.005545925885527492
nonlinear_regression,1001,1.0,0.5,100,all_new,0.6916035231474961,0.32004984526352304,0.9095062495970687,0.8452544745818964,0.08563308544674
nonlinear_regression,1002,1.0,0.5,100,all_new,0.6353922044985603,0.19066760404379887,0.8882804371243356,0.8272285723275464,0.0871607879397206
nonlinear_classification,1001,1.0,0.5,100,all_new,0.6842639178291917,0.6217169989619555,0.7184454590345681,0.7126292954910513,0.014245153031801405
nonlinear_classification,1002,1.0,0.5,100,all_new,0.7210332213473869,0.6608177516865104,0.7597176752213246,0.7425642371343257,0.022540376731763068
nonlinear_regression,1001,1.0,0.5,300,heldout,0.6851741413444378,0.3223110525827091,0.8898829533603784,0.8433284180902259,0.06841735982463748
nonlinear_regression,1002,1.0,0.5,300,heldout,0.609144994419179,0.14913884200160316,0.858079181360532,0.820216959895402,0.0660461095597393
nonlinear_classification,1001,1.0,0.5,300,heldout,0.6779808186201571,0.6125177836993727,0.6898708951090855,0.7315537770520132,0.003419300052552532
nonlinear_classification,1002,1.0,0.5,300,heldout,0.734634555658157,0.6675411372200777,0.7514151392921176,0.7849473904622759,-0.005545925885527492
nonlinear_regression,1001,1.0,0.5,300,all_new,0.6916035231474961,0.32004984526352304,0.9095062495970687,0.8452544745818964,0.08563308544674
nonlinear_regression,1002,1.0,0.5,300,all_new,0.6280355774459335,0.17544133260457256,0.8897709267112556,0.8188944730219724,0.0993049669071551
nonlinear_classification,1001,1.0,0.5,300,all_new,0.6842639178291917,0.6217169989619555,0.7184454590345681,0.7126292954910513,0.014245153031801405
nonlinear_classification,1002,1.0,0.5,300,all_new,0.7210332213473869,0.6608177516865104,0.7597176752213246,0.7425642371343257,0.022540376731763068
nonlinear_regression,1001,1.0,1.0,100,heldout,0.6735129644259178,0.30428135951756774,0.8717883588646973,0.8444691748954881,0.05513618401318626
nonlinear_regression,1002,1.0,1.0,100,heldout,0.5975465802018055,0.12602198842211276,0.8397065685237347,0.826911183659569,0.05067630158128872
nonlinear_classification,1001,1.0,1.0,100,heldout,0.6761831392687543,0.6131978226285627,0.6873952031550903,0.7279563920226099,0.006563280295901974
nonlinear_classification,1002,1.0,1.0,100,heldout,0.7320956426935772,0.6626946284034883,0.7462303705654567,0.7873619291117866,-0.009949116201289354
nonlinear_regression,1001,1.0,1.0,100,all_new,0.6943859513550826,0.3259262179678913,0.9052023734655124,0.8520292626318442,0.0737853796658868
nonlinear_regression,1002,1.0,1.0,100,all_new,0.63074636263464,0.1823387802895544,0.8836138117842178,0.8262864958301479,0.08367175822135117
nonlinear_classification,1001,1.0,1.0,100,all_new,0.6735719767015899,0.6171200104006206,0.7052532894106348,0.6983426302935143,0.01759302623414688
nonlinear_classification,1002,1.0,1.0,100,all_new,0.7494984634635998,0.6777472305952759,0.7828019690251804,0.787946190770343,-0.005211631501924052
nonlinear_regression,1001,1.0,1.0,300,heldout,0.6664430260637682,0.28750515769325324,0.874225161724456,0.8375987587735955,0.06855794681297292
nonlinear_regression,1002,1.0,1.0,300,heldout,0.5989843373463191,0.1288919780122359,0.8408047391692808,0.8272562948574403,0.052080846701216266
nonlinear_classification,1001,1.0,1.0,300,heldout,0.6761831392687543,0.6131978226285627,0.6873952031550903,0.7279563920226099,0.006563280295901974
nonlinear_classification,1002,1.0,1.0,300,heldout,0.7320956426935772,0.6626946284034883,0.7462303705654567,0.7873619291117866,-0.009949116201289354
nonlinear_regression,1001,1.0,1.0,300,all_new,0.6897549415597072,0.3090072647092153,0.9079250855345732,0.8523324744353328,0.0774455373959679
nonlinear_regression,1002,1.0,1.0,300,all_new,0.6243530759250767,0.16500852198733024,0.8823963106957267,0.8256543950921733,0.08348044830387519
nonlinear_classification,1001,1.0,1.0,300,all_new,0.6735719767015899,0.6171200104006206,0.7052532894106348,0.6983426302935143,0.01759302623414688
nonlinear_classification,1002,1.0,1.0,300,all_new,0.7494984634635998,0.6777472305952759,0.7828019690251804,0.787946190770343,-0.005211631501924052
nonlinear_regression,1001,4.0,0.1,100,heldout,0.6798543335734593,0.3459945231587281,0.8725839450396244,0.8209845325220254,0.07958228621297159
nonlinear_regression,1002,4.0,0.1,100,heldout,0.5981314213130816,0.16631359173920177,0.8562870538797879,0.7717936183202554,0.12921474827849772
nonlinear_classification,1001,4.0,0.1,100,heldout,0.6631201523944269,0.6067267930478256,0.6571951866613805,0.7254384774740745,-0.0026599293386559975
nonlinear_classification,1002,4.0,0.1,100,heldout,0.7115437586842678,0.6463262304920544,0.7015649714288488,0.7867400741319003,-0.004669349968724146
nonlinear_regression,1001,4.0,0.1,100,all_new,0.6820006934342978,0.3433906360916057,0.8904340408383351,0.8121774033729526,0.10790721569918596
nonlinear_regression,1002,4.0,0.1,100,all_new,0.6139104037702182,0.18458067768119474,0.8791852845971311,0.7779652490323288,0.1411360275646478
nonlinear_classification,1001,4.0,0.1,100,all_new,0.627356461757348,0.58972191832436,0.6378776706443241,0.6544697963033599,0.02898455068903738
nonlinear_classification,1002,4.0,0.1,100,all_new,0.6988307221594146,0.650729481388177,0.7243816812953898,0.7213810037946768,0.02442573077903587
nonlinear_regression,1001,4.0,0.1,300,heldout,0.6798543335734593,0.3459945231587281,0.8725839450396244,0.8209845325220254,0.07958228621297159
nonlinear_regression,1002,4.0,0.1,300,heldout,0.5976959362421269,0.15991179271855194,0.8577848089329931,0.7753912070748357,0.126294424383247
nonlinear_classification,1001,4.0,0.1,300,heldout,0.6631201523944269,0.6067267930478256,0.6571951866613805,0.7254384774740745,-0.0026599293386559975
nonlinear_classification,1002,4.0,0.1,300,heldout,0.7115437586842678,0.6463262304920544,0.7015649714288488,0.7867400741319003,-0.004669349968724146
nonlinear_regression,1001,4.0,0.1,300,all_new,0.6820006934342978,0.3433906360916057,0.8904340408383351,0.8121774033729526,0.10790721569918596
nonlinear_regression,1002,4.0,0.1,300,all_new,0.6228355656103982,0.20927713614674562,0.8754929804839383,0.7837365802005107,0.13032653148787823
nonlinear_classification,1001,4.0,0.1,300,all_new,0.627356461757348,0.58972191832436,0.6378776706443241,0.6544697963033599,0.02898455068903738
nonlinear_classification,1002,4.0,0.1,300,all_new,0.6988307221594146,0.650729481388177,0.7243816812953898,0.7213810037946768,0.02442573077903587
nonlinear_regression,1001,4.0,0.5,100,heldout,0.6729046914625555,0.3131074577585955,0.8671963103753253,0.8384103062537456,0.05599240368788411
nonlinear_regression,1002,4.0,0.5,100,heldout,0.6027165304417271,0.15138586646372137,0.8354379639304838,0.8213257609309762,0.05413967406324938
nonlinear_classification,1001,4.0,0.5,100,heldout,0.6620574897710944,0.6040240011217741,0.6544514113975065,0.7276970567940023,-0.0006705657559048506
nonlinear_classification,1002,4.0,0.5,100,heldout,0.7083748937266545,0.6452836993114335,0.6973835922337569,0.7824573896347734,-0.003732084057037788
nonlinear_regression,1001,4.0,0.5,100,all_new,0.6898156294070089,0.3319973366827035,0.8970535488524317,0.8403960026858913,0.07925347457210918
nonlinear_regression,1002,4.0,0.5,100,all_new,0.6204859533430092,0.1850701778122128,0.8730539151111704,0.8033337671056444,0.10329401048704268
nonlinear_classification,1001,4.0,0.5,100,all_new,0.6612526434887946,0.6038959806796618,0.6666671988031719,0.7131947509835503,-0.002332318457962723
nonlinear_classification,1002,4.0,0.5,100,all_new,0.7207152057814961,0.65974431325111,0.7383451265846069,0.7640561775087713,0.0007032932917286905
nonlinear_regression,1001,4.0,0.5,300,heldout,0.6729046914625555,0.3131074577585955,0.8671963103753253,0.8384103062537456,0.05599240368788411
nonlinear_regression,1002,4.0,0.5,300,heldout,0.5945868969051205,0.1387869061932313,0.8371143806606989,0.8078594038614313,0.07019383836218293
nonlinear_classification,1001,4.0,0.5,300,heldout,0.6620574897710944,0.6040240011217741,0.6544514113975065,0.7276970567940023,-0.0006705657559048506
nonlinear_classification,1002,4.0,0.5,300,heldout,0.7083748937266545,0.6452836993114335,0.6973835922337569,0.7824573896347734,-0.003732084057037788
nonlinear_regression,1001,4.0,0.5,300,all_new,0.6898156294070089,0.3319973366827035,0.8970535488524317,0.8403960026858913,0.07925347457210918
nonlinear_regression,1002,4.0,0.5,300,all_new,0.6228633555211064,0.19677132372864733,0.8714258796086729,0.8003928632259989,0.10543907683075265
nonlinear_classification,1001,4.0,0.5,300,all_new,0.6612526434887946,0.6038959806796618,0.6666671988031719,0.7131947509835503,-0.002332318457962723
nonlinear_classification,1002,4.0,0.5,300,all_new,0.7207152057814961,0.65974431325111,0.7383451265846069,0.7640561775087713,0.0007032932917286905
nonlinear_regression,1001,4.0,1.0,100,heldout,0.6591057865161153,0.2833623483433739,0.8489311626040044,0.8450238486009674,0.054811012370364204
nonlinear_regression,1002,4.0,1.0,100,heldout,0.5840820410122595,0.11886345785685826,0.8138732745296455,0.8195093906502748,0.0599192715564304
nonlinear_classification,1001,4.0,1.0,100,heldout,0.6559234974710496,0.6023272372178794,0.646139913314711,0.7193033418805583,0.0008625343481749592
nonlinear_classification,1002,4.0,1.0,100,heldout,0.7019119804990493,0.6416042116848801,0.6895897284844623,0.7745420013278055,-0.005579506185550809
nonlinear_regression,1001,4.0,1.0,100,all_new,0.6860937466137967,0.31827480042773076,0.8917548930399752,0.8482515463736846,0.0653721067634439
nonlinear_regression,1002,4.0,1.0,100,all_new,0.6167006039514731,0.17128878486990223,0.8653519055928982,0.8134611213916187,0.08293280811130233
nonlinear_classification,1001,4.0,1.0,100,all_new,0.6617262544118767,0.6006202908441248,0.6703071322936747,0.7142513400978309,-0.000826053524657977
nonlinear_classification,1002,4.0,1.0,100,all_new,0.7187242669557014,0.6517503343365326,0.7311801278517314,0.7732423386788396,-0.004490608560369869
nonlinear_regression,1001,4.0,1.0,300,heldout,0.6629136941270914,0.2919859303181912,0.8519603426441172,0.8447948094189659,0.05906914195963453
nonlinear_regression,1002,4.0,1.0,300,heldout,0.5803729426894971,0.10502921389947456,0.8195432421569351,0.8165463720120817,0.0667179876170215
nonlinear_classification,1001,4.0,1.0,300,heldout,0.6559234974710496,0.6023272372178794,0.646139913314711,0.7193033418805583,0.0008625343481749592
nonlinear_classification,1002,4.0,1.0,300,heldout,0.7019119804990493,0.6416042116848801,0.6895897284844623,0.7745420013278055,-0.005579506185550809
nonlinear_regression,1001,4.0,1.0,300,all_new,0.686204178575597,0.3185471228331535,0.8950189089835306,0.845046503910107,0.07367410142516767
nonlinear_regression,1002,4.0,1.0,300,all_new,0.6281625499233522,0.2003575210962674,0.8679264559075152,0.8162036727662738,0.08217614120425121
nonlinear_classification,1001,4.0,1.0,300,all_new,0.6617262544118767,0.6006202908441248,0.6703071322936747,0.7142513400978309,-0.000826053524657977
nonlinear_classification,1002,4.0,1.0,300,all_new,0.7187242669557014,0.6517503343365326,0.7311801278517314,0.7732423386788396,-0.004490608560369869
