dataset,seed,env,batch_index,n_samples,overall_drift_score,severity,drift_type,covariate_drift_score,concept_drift_score,covariate_drift,correlation_drift,concept_drift,prior_shift,gradual_drift,correlation_max_delta,correlation_p_value,loss_ratio_in_support,loss_ratio_all,concept_p_value,in_support_fraction,bias_share,bias_p_value,cusum_statistic,confidence,affected_features
nonlinear_regression,0,B1_covariate,1,800,0.999958266278128,high,compound,0.999888378576594,0.6261136921699872,True,False,True,False,False,0.1166204640484321,1.0,1.4919017587705912,69.85685715892588,0.013144428036169265,0.175,0.001950008698868687,0.6786879720573328,4.197658086492236,0.8888888888888888,x_1;x_0
nonlinear_regression,0,B2_prior_label,2,800,0.9999988095632447,high,compound,0.9999972935664488,0.560145581709887,True,False,False,True,False,0.12939702953849758,0.9866753149172738,1.8070912004980775,1.612043275876058,1.0990761955961937e-28,0.595,0.8213114743410364,3.176856064450325e-33,0.428712325631614,0.8888888888888888,x_1;x_0
nonlinear_regression,0,B3_concept,3,800,0.7145308012532302,high,prior,0.0,0.7145308012532302,False,False,False,True,False,0.1001947133895435,1.0,2.46749665803758,2.46749665803758,1.6929603943647185e-16,1.0,1.2536211410063907,1.0642885403374565e-69,0.8544139737630856,0.8888888888888888,
nonlinear_regression,0,B4_noise_rotation,4,800,0.9999999999998356,high,compound,0.9999999666490546,0.9999950708267081,True,False,True,False,False,0.13685176536821747,0.7035860142575456,7.110169636620399,38.47131193927504,7.593059674686644e-17,0.25875,0.0743153935579402,0.000189891148583175,3.6011226549317894,0.8888888888888888,x_0;x_1
nonlinear_regression,0,B5_hidden_compound,5,800,0.9999999738637179,high,compound,0.9999999513014086,0.46330517180529474,True,False,False,True,False,0.13343801844747122,0.8324240589232674,23.67068897263007,216.42809513205256,1.4193704077624772e-16,0.065,0.6223256361515309,1.210587707607808e-11,5.328468204006314,0.8888888888888888,x_2;x_0;x_1
nonlinear_regression,1,B1_covariate,1,800,0.9999087117740408,high,covariate,0.9998786736485694,0.24758121477516748,True,False,False,False,True,0.11598011607319031,1.0,1.1422311073975602,46.50341089013431,0.17857558657848988,0.1675,0.01934707373817471,0.22263922975805353,3.790735498209724,0.8888888888888888,x_0;x_1
nonlinear_regression,1,B2_prior_label,2,800,0.9999985756976,high,compound,0.9999965809524708,0.583421292667189,True,False,False,True,False,0.1367898501141265,0.7041602634150405,2.2154249894636835,2.000538797502241,7.036529251415373e-34,0.575,0.8756798620404018,2.2781368722842258e-39,0.644626378860306,0.8888888888888888,x_0;x_1
nonlinear_regression,1,B3_concept,3,800,0.7107186996162301,high,prior,0.0,0.7107186996162301,False,False,False,True,False,0.14236441560673185,0.5381173000018638,2.807951738144544,2.807951738144544,7.357272218064646e-19,1.0,1.2403557065458617,1.3030640722010123e-76,0.9836651345759683,0.8888888888888888,
nonlinear_regression,1,B4_noise_rotation,4,800,0.9999999999999867,high,compound,0.9999999578240985,0.9999996850122713,True,False,True,False,False,0.12554112359545894,1.0,8.4853660777368,52.18076462903298,1.7934505146552872e-19,0.27625,0.13184920371961206,1.0627646048168708e-07,3.905923769111989,0.8888888888888888,x_0;x_1
nonlinear_regression,1,B5_hidden_compound,5,800,0.9999999773209437,high,compound,0.9999999567797038,0.4752683742670799,True,False,False,True,False,0.18246825702502312,0.05659720250831733,18.706508039032446,178.49652949800233,4.289329670002364e-17,0.06875,0.6448683361723475,5.215763899839123e-13,5.135778994273029,0.8888888888888888,x_2;x_0;x_1
nonlinear_regression,2,B1_covariate,1,800,0.9999452798577988,high,compound,0.999869857047718,0.5795381828845594,True,False,True,False,False,0.14885861336666964,0.3851999549364919,1.4332008036112434,50.990060648329575,0.0038457755733757528,0.16625,0.014135827509489884,0.27522031557151816,3.8828405603130767,0.8888888888888888,x_1;x_0
nonlinear_regression,2,B2_prior_label,2,800,0.9999997796934349,high,compound,0.9999995094304013,0.5509168002849857,True,False,False,True,False,0.16992697426780332,0.11722859152968147,1.7702654214185436,1.5562925078550083,3.4410194144498745e-24,0.54,0.800547108372374,2.9041618012521824e-32,0.39351623097276306,0.8888888888888888,x_1;x_0
nonlinear_regression,2,B3_concept,3,800,0.7226693683926821,high,prior,0.0,0.7226693683926821,False,False,False,True,False,0.1291651899854846,1.0,2.466101348564207,2.466101348564207,2.9483782571463713e-21,1.0,1.2825448686770264,5.717849805801555e-70,0.8538483380916313,0.8888888888888888,
nonlinear_regression,2,B4_noise_rotation,4,800,0.9999999999990629,high,compound,0.9999999787011477,0.9999560018630581,True,False,True,False,False,0.11701238904903759,1.0,6.015681633586097,37.03223637149618,1.690271195404622e-22,0.2325,0.045311663576269465,0.005490728370486742,3.5629986224376378,0.8888888888888888,x_0;x_1
nonlinear_regression,2,B5_hidden_compound,5,800,0.9999999693625754,high,compound,0.999999941304998,0.4780232804903032,True,False,False,True,False,0.1347466036151158,0.7808132715021214,14.042527302582336,170.50663874171445,1.975250667518957e-16,0.06625,0.6501322907344748,2.145949364952308e-12,5.089984068697669,0.8888888888888888,x_2;x_0;x_1
nonlinear_regression,3,B1_covariate,1,800,0.9999643225568706,high,compound,0.9999017254122878,0.6369616605886772,True,False,True,False,False,0.1513575469369268,0.3384773811100042,1.5066234160407432,61.425948159761994,0.013949994004875852,0.14875,0.018166657170492963,0.22639617841556578,4.069042190175037,0.8888888888888888,x_1;x_0
nonlinear_regression,3,B2_prior_label,2,800,0.9999991200718851,high,compound,0.9999978226774321,0.5958669018855707,True,False,False,True,False,0.1444752266281266,0.48360083141292015,2.2660510036703565,2.0258474180923063,3.2682280294849043e-34,0.61125,0.9060110044996877,8.845043351410966e-41,0.6571979269218183,0.8888888888888888,x_0;x_1
nonlinear_regression,3,B3_concept,3,800,0.715514661110225,high,prior,0.0,0.715514661110225,False,False,False,True,False,0.1301480827343646,0.9707561032769854,2.793814663788074,2.793814663788074,1.4591777048568128e-20,1.0,1.2570735596442322,2.9492120562292585e-74,0.9786177608173742,0.8888888888888888,
nonlinear_regression,3,B4_noise_rotation,4,800,0.999999999976268,high,compound,0.9999999672667224,0.9992749883669668,True,False,True,False,False,0.13120890479909816,0.9251271798149397,4.6146614288376515,32.88183638215897,2.6780591846084845e-18,0.2375,0.07202294935280575,0.0005798328387057345,3.444130255497834,0.8888888888888888,x_0;x_1
nonlinear_regression,3,B5_hidden_compound,5,800,1.0,high,compound,0.9999999149325204,0.999999999988739,True,False,True,True,False,0.16207793561406286,0.17989519705397372,13.604840314636155,216.22166192319878,1.8134311873106115e-21,0.07625,0.5936188334280453,8.831770441150486e-13,5.327513929925939,0.8888888888888888,x_2;x_0;x_1
nonlinear_regression,4,B1_covariate,1,800,0.999895496484835,high,covariate,0.999818863463818,0.423067718044723,True,False,False,False,True,0.12153782224134882,1.0,1.2750151908287055,42.043987233197036,0.08298894728432088,0.1875,0.003729512988547361,0.568411407073422,3.6899262211382435,0.8888888888888888,x_1;x_0
nonlinear_regression,4,B2_prior_label,2,800,0.9999985572971399,high,compound,0.9999964307571589,0.5957958244067316,True,False,False,True,False,0.15404003147374387,0.2887400253870069,1.9037137788617287,1.817221251647833,3.3567431507396384e-30,0.55375,0.9058351435531892,1.4907321534715015e-36,0.5485183853867541,0.8888888888888888,x_1;x_0
nonlinear_regression,4,B3_concept,3,800,0.7049074461205576,high,prior,0.0,0.7049074461205576,False,False,False,True,False,0.1210901149063511,1.0,2.845365407327568,2.845365407327568,5.224348913233336e-20,1.0,1.2204662298848237,3.557147747360629e-71,0.9969013335893212,0.8888888888888888,
nonlinear_regression,4,B4_noise_rotation,4,800,0.999999999998751,high,compound,0.9999999651132274,0.9999641981389283,True,True,True,False,False,0.20842871440606425,0.009992370418114724,6.118755340333898,35.148418944183966,4.551510295756115e-17,0.26625,0.07940321022410946,6.394926117926251e-05,3.510789472824788,0.8888888888888888,x_0;x_1
nonlinear_regression,4,B5_hidden_compound,5,800,0.9999999999999998,high,compound,0.9999999532418145,0.999999995095002,True,False,True,False,False,0.1441328473830463,0.4899641972648104,10.56650558019452,172.9689747947095,2.4553629235917624e-09,0.0575,0.48837861828510143,4.0396964254103495e-08,5.104322077798877,0.8888888888888888,x_2;x_0;x_1
linear_regression,0,B1_covariate,1,800,0.9998826725145719,high,covariate,0.9996876828400936,0.6243322478236637,True,False,False,False,True,0.16594327373861514,0.09431961542733244,1.4895250820295902,8.579432437510523,0.053596664460765345,0.33375,0.0580320682292108,0.006824638604023877,2.1005775976681678,0.8888888888888888,v_0;v_1
linear_regression,0,B2_prior_label,2,800,0.9999960206655297,high,compound,0.999990912742589,0.5620973094164318,True,False,False,True,False,0.10166475680546061,1.0,5.806943542105886,5.799757099565951,1.9539569976619845e-54,0.99875,0.8257585609059961,5.528443653434931e-68,1.7090258731207948,0.8888888888888888,v_0;v_1
linear_regression,0,B3_concept,3,800,0.5674536030421611,medium,prior,0.0,0.5674536030421611,False,False,False,True,False,0.09047516871024558,1.0,3.0381740407733497,3.0381740407733497,3.689401966437787e-16,1.0,0.8380656821607878,7.630027402209649e-53,1.0624665263070856,0.8888888888888888,
linear_regression,0,B4_noise_rotation,4,800,0.9878070801255604,high,compound,0.9063490183146657,0.8698046763096665,True,True,True,False,False,0.4736360735310847,3.1841522834246876e-16,2.019359733104781,2.019359733104781,4.000795372652824e-05,1.0,0.007480443531961665,0.16852609806577723,0.6539903331905215,0.8888888888888885,
linear_regression,0,B5_hidden_compound,5,800,0.9999999786269981,high,compound,0.9999989859954366,0.9789221837062906,True,True,True,False,False,0.4461435069868823,2.6452179617639494e-14,2.9297670760274714,8.82334616990075,1.6672684191944877e-08,0.12875,0.040983944975527195,0.05593293442056468,2.1286110182437135,0.8888888888888888,v_2;v_0;v_1
linear_regression,1,B1_covariate,1,800,0.9998374758862838,high,covariate,0.9995954017812901,0.5983073918752444,True,False,False,False,True,0.11950377763755196,0.6935211152458742,1.4560340696340115,5.6693375483049895,0.11024059929789864,0.37,0.1948516527689538,3.0936909968252786e-07,1.6862821122304341,0.8888888888888888,v_0;v_1
linear_regression,1,B2_prior_label,2,800,0.9999943785238787,high,compound,0.9999866913738494,0.5776065795490933,True,False,False,True,False,0.12183317123878248,0.8835604497834315,6.274445975618902,6.284599895085082,2.2823956745506293e-61,0.9925,0.8618181232954294,7.67885462249428e-72,1.7893120155576068,0.8888888888888888,v_0;v_1
linear_regression,1,B3_concept,3,800,0.5582372998495853,medium,prior,0.0,0.5582372998495853,False,False,False,True,False,0.10410872298083672,1.0,4.339356615586425,4.339356615586425,1.7584887112706917e-25,1.0,0.8169824185625102,7.461131884788589e-65,1.4189359276968834,0.8888888888888888,
linear_regression,1,B4_noise_rotation,4,800,0.9747160725510933,high,compound,0.9101924465667426,0.7184654688572818,True,True,True,False,False,0.4820172386510535,1.2154562663283977e-16,1.6337500852838744,1.6337500852838744,0.0003946307784804202,1.0,0.011540363804176149,0.10111917548051182,0.4420878739881616,0.8888888888888887,
linear_regression,1,B5_hidden_compound,5,800,0.9999999576174795,high,compound,0.9999992992602611,0.9395174582639171,True,True,True,False,False,0.46959082810365227,5.751343232396434e-16,2.402700260967179,5.414454830101767,1.2842998573694708e-06,0.14125,0.009559752272796505,0.35388885597894193,1.6402820334869739,0.8888888888888888,v_2;v_0;v_1
linear_regression,2,B1_covariate,1,800,0.9998734438564414,high,compound,0.9996058357861445,0.6789253333763481,True,False,True,False,False,0.07496815287541017,1.0,1.5680407882982808,13.805218709594065,0.00015185014955607518,0.38125,0.14531081750451888,3.8445042233749704e-06,2.576256523868361,0.8888888888888888,v_0;v_1
linear_regression,2,B2_prior_label,2,800,0.9999984222526184,high,compound,0.9999963782921396,0.5643637083697681,True,False,False,True,False,0.1383381934337897,0.4049902076682119,5.656401850044978,5.867959053966536,1.0359848169159805e-61,0.9525,0.8309475772747705,3.514145508847765e-66,1.7207167182353111,0.8888888888888888,v_1;v_0
linear_regression,2,B3_concept,3,800,0.5813549749745242,medium,prior,0.0,0.5813549749745242,False,False,False,True,False,0.15485272545293416,0.16223275703165732,3.5638111188425645,3.5638111188425645,6.077900072750256e-16,1.0,0.8707319137763017,2.970293583774072e-66,1.2220403470769885,0.8888888888888888,
linear_regression,2,B4_noise_rotation,4,800,0.982249165279493,high,compound,0.9124960415886684,0.7971424945479008,True,True,True,False,False,0.4872142495310346,2.076397914588491e-17,1.7976257450019077,1.7976257450019077,4.666564892144404e-08,1.0,2.5620229138425138e-05,0.9397213340993519,0.5376765994916638,0.8888888888888888,
linear_regression,2,B5_hidden_compound,5,800,0.9999999148929707,high,compound,0.9999987781828611,0.9303438897471618,True,True,True,False,False,0.42186761690705465,7.192561340424532e-13,2.3320924273190524,4.202837180793834,1.3819507406861063e-07,0.235,0.006187637769495469,0.3775273837314,1.3869696522960986,0.8888888888888888,v_2;v_0;v_1
linear_regression,3,B1_covariate,1,800,0.9998151928237486,high,covariate,0.9996886603197658,0.4064130337890829,True,False,False,False,True,0.11094185969004931,1.0,1.2607857722809401,8.064439778818395,0.2570598103006876,0.39375,0.021163405911118732,0.10514392446864347,2.0386740817363327,0.8888888888888888,v_1;v_0
linear_regression,3,B2_prior_label,2,800,0.9999964666011546,high,compound,0.9999922822302939,0.5421735838240505,True,False,False,True,False,0.09736667221243989,1.0,5.479729570655373,5.417083455072216,1.184622385352766e-57,0.9675,0.781265170690757,1.7722517743936145e-63,1.6407673985298414,0.8888888888888888,v_1;v_0
linear_regression,3,B3_concept,3,800,0.5788596486789006,medium,prior,0.0,0.5788596486789006,False,False,False,True,False,0.1612122397898895,0.11881838112610114,3.507424341057628,3.507424341057628,7.56744823126772e-23,1.0,0.8647891247975884,2.5824523569803203e-59,1.2060917979744727,0.8888888888888888,
linear_regression,3,B4_noise_rotation,4,800,0.9549770033384282,high,compound,0.9010760075093485,0.544872830867329,True,True,True,False,False,0.4626806952680415,1.6629333406405929e-15,1.393589203241345,1.393589203241345,0.01794699667886968,1.0,0.007554979639902973,0.22437990314494244,0.28309241552956355,0.8888888888888874,
linear_regression,3,B5_hidden_compound,5,800,0.9999999993750996,high,compound,0.9999988963334804,0.9994337959966787,True,True,True,False,False,0.42328564659995005,4.4293617369936183e-13,4.738278057401998,10.417378754498923,2.206100189184142e-17,0.21375,0.006054337147831436,0.3567458700042695,2.2946852814402976,0.8888888888888888,v_2;v_0;v_1
linear_regression,4,B1_covariate,1,800,0.9998753077025371,high,compound,0.9996742890575688,0.6171688413897435,True,False,True,False,False,0.15258011278889555,0.1967777824324178,1.480080613068671,14.569394285525805,0.0073323089512362695,0.34125,0.1220383009423635,6.406832489778535e-05,2.6301328824573695,0.8888888888888888,v_0;v_1
linear_regression,4,B2_prior_label,2,800,0.9999990924878192,high,compound,0.9999978433920411,0.5791946435517397,True,False,False,True,False,0.14593749088976107,0.25962678647435294,7.4555270392700015,7.403165888993859,1.0899779750199723e-71,0.98625,0.8655848884375128,1.3584545910077368e-77,1.9531175673876036,0.8888888888888888,v_0;v_1
linear_regression,4,B3_concept,3,800,0.5883508877506226,medium,prior,0.0,0.5883508877506226,False,False,False,True,False,0.10532463300989246,1.0,4.253647627204607,4.253647627204607,3.98105318485478e-25,1.0,0.8875839618065829,3.7159755329234864e-70,1.3989867158925118,0.8888888888888888,
linear_regression,4,B4_noise_rotation,4,800,0.9949719058088199,high,compound,0.8640368787559948,0.9630186910599344,True,True,True,False,False,0.3990743194684165,2.1414609614554497e-11,2.6486713288790673,2.6486713288790673,1.3728425208180748e-09,1.0,0.0031803102083883096,0.3267568518224442,0.9252679647643913,0.8888888888698536,
linear_regression,4,B5_hidden_compound,5,800,0.9999999622522691,high,compound,0.9999988088920229,0.9683087246222728,True,True,True,False,False,0.35781309569902664,4.309527222337753e-09,2.7258569303287694,3.1686998535800184,1.093199394535731e-07,0.1775,0.024175417129469554,0.1066937845102222,1.1045311987625115,0.8888888888888888,v_2;v_0;v_1
nonlinear_classification,0,B1_covariate,1,800,0.9997772775786052,high,covariate,0.9997772775786052,0.0,True,False,False,False,False,0.18566749229593804,0.06672058484023642,1.2256135154068046,1.362087171877381,0.33932515329351887,0.29375,0.2299602539654546,0.022734117848275715,0.2602280443566227,0.8888888888888888,feat_0;feat_1
nonlinear_classification,0,B2_prior_label,2,800,0.9999996552989906,high,compound,0.9999990699458998,0.6293753133661044,True,True,False,True,False,0.21679695246201233,0.00668267937629973,1.0978625985684083,1.0929375470332612,0.0069417647647533895,0.97625,0.9925653547377002,5.199572146547931e-43,0.30030694871273766,0.8888888888888888,feat_0;feat_1
nonlinear_classification,0,B3_concept,3,800,0.9984557631681058,high,compound,0.6762741815026831,0.9952298002085149,True,True,True,False,False,0.2255716721316296,0.003310383617773537,3.672683544975838,3.672683544975838,1.7235748518154587e-11,1.0,0.4888044288619493,1.859413121508779e-20,1.2521324418574888,0.8888888888888888,
nonlinear_classification,0,B4_noise_rotation,4,800,0.0,none,none,0.0,0.0,False,False,False,False,False,0.1419898834209425,0.8042406514279469,1.1315221965597295,1.1315221965597295,0.31787132765785875,1.0,0.15903968342913433,0.002290492630176641,0.07477363866264883,0.8799999999999999,
nonlinear_classification,0,B5_hidden_compound,5,800,0.9999995132340606,high,covariate,0.9999988768649627,0.566600699607928,True,False,False,False,True,0.11021921672947421,1.0,1.418047902056336,1.5661607856768889,0.1903662265386769,0.22,0.39688478880529565,0.00018571221560135685,0.474610739637366,0.8888888888888888,feat_2;feat_1;feat_0
nonlinear_classification,1,B1_covariate,1,800,0.9997621486923708,high,covariate,0.9997621486923708,0.0,True,False,False,False,False,0.1032241098714901,1.0,1.1110692749932576,1.0951825968383782,0.018181240252810208,0.2425,0.1697129589713754,0.18826379055067055,0.042130940300486995,0.8888888888888888,feat_1;feat_0
nonlinear_classification,1,B2_prior_label,2,800,0.999998841011133,high,compound,0.9999972159655516,0.5837016788099568,True,True,False,True,False,0.23522850750636076,0.0018572861935351925,1.2418549158071153,1.2315259718258245,0.001645726525503673,0.975,0.8763531574820045,6.019437928834386e-29,0.20159480407366864,0.8888888888888888,feat_0;feat_1
nonlinear_classification,1,B3_concept,3,800,0.9411317926246004,high,concept,0.0,0.9411317926246004,False,False,True,False,False,0.17971655354904886,0.09440819393570099,2.416227053483929,2.416227053483929,1.2595714327919356e-08,1.0,0.4540128780209702,9.770946965520874e-18,0.8334170905784085,0.8888888888888888,
nonlinear_classification,1,B4_noise_rotation,4,800,0.0,none,none,0.0,0.0,False,False,False,False,False,0.13555002960210438,1.0,0.832541049859499,0.832541049859499,0.6750792392320591,1.0,0.03001040923128423,0.5702663219526236,0.0,0.8799999999999999,
nonlinear_classification,1,B5_hidden_compound,5,800,0.9999999042298194,high,compound,0.9999993926182625,0.8423229171027886,True,False,True,False,False,0.16207332157245263,0.27675515645129667,1.9236030582266632,1.6744862411081782,0.015446495726156449,0.17125,0.38985969775254387,0.0012054206913951263,0.46671623233240733,0.8888888888888888,feat_2;feat_1;feat_0
nonlinear_classification,2,B1_covariate,1,800,0.999704338440592,high,covariate,0.999704338440592,0.0,True,False,False,False,False,0.1377506436429089,0.982039502966323,1.1071189461590771,1.1152062945369414,0.1004165901303542,0.3175,0.31043679271437624,0.0019627138566739736,0.060249241150939735,0.8888888888888888,feat_1;feat_0
nonlinear_classification,2,B2_prior_label,2,800,0.9999976190275185,high,compound,0.99999363618101,0.6258579187594319,True,True,False,True,False,0.35142652754734094,1.2327510509886002e-08,0.9636551337818964,0.957141756508897,0.07367143556290354,0.9775,0.9831196573448033,8.099333100224768e-39,0.0,0.8888888888888888,feat_0;feat_1
nonlinear_classification,2,B3_concept,3,800,0.9985932519093311,high,compound,0.8638371598346682,0.9896686343428148,True,True,True,True,False,0.3987807510692074,3.380307078880703e-11,3.2862854007848745,3.2862854007848745,3.1526253557790524e-07,1.0,0.5139273414772945,7.280451422732035e-27,1.1409677052300495,0.8888888888888888,
nonlinear_classification,2,B4_noise_rotation,4,800,0.0,none,none,0.0,0.0,False,False,False,False,False,0.133373795826711,1.0,1.061248354528073,1.061248354528073,0.05218810299422655,1.0,0.008645819885394534,0.8631805246500308,0.010655743969203463,0.8799999999999999,
nonlinear_classification,2,B5_hidden_compound,5,800,0.9999982470483548,high,compound,0.9999970338030199,0.4090238588770041,True,False,False,True,False,0.16957244861240878,0.18056954562341762,1.3840638904823312,1.3237667066882666,0.2689400555671339,0.17125,0.5259796327412042,7.280879766855122e-06,0.24234681838129002,0.8888888888888888,feat_2;feat_1;feat_0
nonlinear_classification,3,B1_covariate,1,800,0.9995089228706115,high,covariate,0.9995089228706115,0.0,True,False,False,False,False,0.1186775420999031,1.0,1.032986000435447,1.1762559687902188,0.85358873963991,0.33375,0.339805902670108,0.00026627428982064523,0.11354632215828575,0.8888888888888888,feat_1;feat_0
nonlinear_classification,3,B2_prior_label,2,800,0.9999991527999784,high,compound,0.9999981205065099,0.5492402468847087,True,False,False,True,False,0.17667908394493811,0.10047072512547166,1.1169055484673653,1.1138507605963404,0.2591591061536651,0.99125,0.7968207796058071,3.849519376387389e-27,0.17257932337083895,0.8888888888888888,feat_0;feat_1
nonlinear_classification,3,B3_concept,3,800,0.9234630408634787,high,prior,0.0,0.9234630408634787,False,False,True,True,False,0.19984839772827073,0.02571076754437901,2.284990764424912,2.284990764424912,2.454389476555963e-09,1.0,0.5319075269918805,1.502410886765935e-26,0.7775718183413958,0.8888888888888888,
nonlinear_classification,3,B4_noise_rotation,4,800,0.0,none,none,0.0,0.0,False,False,False,False,False,0.13142570532892695,1.0,1.0594300271268142,1.0594300271268142,0.774804474934121,1.0,0.02692309461745368,0.5977015916214288,0.008940889078816627,0.8799999999999999,
nonlinear_classification,3,B5_hidden_compound,5,800,0.9999991552943757,high,compound,0.9999985483309675,0.4181141807111678,True,False,False,True,False,0.10195423738098183,1.0,1.1188943644592284,1.4072701113667174,0.9325304366600685,0.1425,0.5414810372867928,1.4305921083230446e-05,0.3018024614229276,0.8888888888888888,feat_2;feat_0;feat_1
nonlinear_classification,4,B1_covariate,1,800,0.9996141923800751,high,covariate,0.9996141923800751,0.0,True,False,False,False,False,0.170178942916132,0.1743481033176673,1.1017276121228508,1.1213428739826217,0.2211407235842856,0.25625,0.005715403590774271,0.9653975738247373,0.065736797544891,0.8888888888888888,feat_0;feat_1
nonlinear_classification,4,B2_prior_label,2,800,0.9999991035091904,high,compound,0.9999977426308753,0.6028603387106735,True,True,False,True,False,0.21537972024848373,0.006606444415618859,0.905304134155518,0.9040575271422673,0.10541952238868896,0.95625,0.9234672684983523,1.8328990643906285e-31,0.0,0.8888888888888888,feat_0;feat_1
nonlinear_classification,4,B3_concept,3,800,0.9567467032469344,high,prior,0.0,0.9567467032469344,False,False,True,True,False,0.18903991607117498,0.039907324332927395,2.57034091150243,2.57034091150243,1.6009921482189533e-06,1.0,0.511363621541242,5.74600951867243e-21,0.8952483763304618,0.8888888888888888,
nonlinear_classification,4,B4_noise_rotation,4,800,0.0,none,none,0.0,0.0,False,False,False,False,False,0.21227814967313355,0.010854385466409827,1.1707115042463467,1.1707115042463467,0.12388058128933643,1.0,0.04675630757550209,0.3674964708478692,0.10882152309567214,0.8799999999999999,
nonlinear_classification,4,B5_hidden_compound,5,800,0.9999994697497212,high,covariate,0.9999992322660285,0.3093307076172567,True,False,False,False,True,0.16390263898083196,0.24436006227343152,1.1850470812828167,1.4538993975231533,0.6115483844711453,0.13625,0.3266524001297457,0.017069795068637313,0.43428054549468087,0.8888888888888888,feat_2;feat_0;feat_1
interaction_classification,0,B1_covariate,1,800,0.999888378576594,high,covariate,0.999888378576594,0.0,True,False,False,False,False,0.1166204640484321,1.0,1.1097086386133697,0.9797894759797628,0.08053889958389221,0.175,0.008989103068746174,0.952389217152072,0.0,0.8888888888888888,u_1;u_0
interaction_classification,0,B2_prior_label,2,800,0.9999993597074291,high,compound,0.9999982595043397,0.6321205588285577,True,True,False,True,False,0.40806536748987654,2.8372615813703478e-12,1.7305700808520075,1.5021647131654903,1.5058052588614212e-18,0.51375,1.0,2.6390008342472373e-37,0.3581170457202585,0.8888888888888888,u_1;u_0
interaction_classification,0,B3_concept,3,800,0.9932178381898886,high,compound,0.8257883461712654,0.9610694137788346,True,True,True,False,False,0.34949686353394505,8.578389991855495e-09,2.6229875295667124,2.6229875295667124,4.207804916063872e-12,1.0,0.34577496954881914,4.4911345072807024e-10,0.9155237824404546,0.8888888888851485,
interaction_classification,0,B4_noise_rotation,4,800,0.0,none,none,0.0,0.0,False,False,False,False,False,0.11840676945949588,1.0,0.9643704366133131,0.9643704366133131,0.5414806018838899,1.0,0.20405470427145744,0.00018522163048665074,0.0,0.8799999999999999,
interaction_classification,0,B5_hidden_compound,5,800,0.9999999798492971,high,covariate,0.9999999798492971,0.0,True,False,False,False,False,0.1531480474181019,0.30244973069883885,1.0609899680751727,1.1373645919470423,0.46546114402492506,0.06875,0.25775425802580676,0.24694589753113216,0.07992366054115149,0.8888888888888888,u_2;u_1;u_0
interaction_classification,1,B1_covariate,1,800,0.9998786736485694,high,covariate,0.9998786736485694,0.0,True,False,False,False,False,0.11598011607319031,1.0,0.9692524960081761,0.9894114043029929,0.7603119982517468,0.1675,0.12553484642327842,0.4251807015104172,0.0,0.8888888888888888,u_0;u_1
interaction_classification,1,B2_prior_label,2,800,0.9999990185737219,high,compound,0.9999974338660513,0.6175467463025573,True,True,False,True,False,0.35689443040658414,4.17390307995586e-09,2.144207764621897,1.969685885637723,5.4438772009917404e-17,0.5175,0.961148845739815,2.2390207618180287e-22,0.6290839169522741,0.8888888888888888,u_0;u_1
interaction_classification,1,B3_concept,3,800,0.9898656872282968,high,compound,0.8071982763165015,0.9474366070070019,True,True,True,False,False,0.32921859131570946,9.48781611250022e-08,2.4728676761140207,2.4728676761140207,1.0296865842515728e-10,1.0,0.38001954218518874,3.318134992165088e-12,0.8565883155035869,0.8888888888859394,
interaction_classification,1,B4_noise_rotation,4,800,0.0,none,none,0.0,0.0,False,False,False,False,False,0.13671091784222456,0.7105550153448503,1.1388811276823478,1.1388811276823478,0.38304189190055105,1.0,0.1709941481130558,0.0013948458602565904,0.08125614933760697,0.8799999999999999,
interaction_classification,1,B5_hidden_compound,5,800,0.9999999436423714,high,covariate,0.9999999436423714,0.0,True,False,False,False,False,0.11909399979846447,1.0,1.2983561574203357,1.198821243076865,0.0965192987206171,0.07375,0.01119136574157048,0.9569543628804023,0.21380476175588214,0.8888888888888888,u_2;u_0;u_1
interaction_classification,2,B1_covariate,1,800,0.999869857047718,high,covariate,0.999869857047718,0.0,True,False,False,False,False,0.14885861336666964,0.3851999549364919,1.077905755147927,0.7040548229008393,0.14016881462516478,0.16625,0.20036518908520012,0.18152916276737963,0.0,0.8888888888888888,u_1;u_0
interaction_classification,2,B2_prior_label,2,800,0.9999998127124747,high,compound,0.9999994908997234,0.6321205588285577,True,True,False,True,False,0.290650154872187,5.321433613690206e-06,3.2032287483940314,2.770459718239745,3.6928464627159505e-28,0.54,1.0,9.244452393687165e-63,0.9702231055228819,0.8888888888888888,u_1;u_0
interaction_classification,2,B3_concept,3,800,0.9888659840476822,high,compound,0.8543286555872525,0.9235675623287273,True,True,True,False,False,0.3852804520793867,8.042258064253486e-11,2.285674048033895,2.285674048033895,1.1396922214363108e-10,1.0,0.3446616705294433,1.396683774158203e-10,0.7778708048749129,0.8888888888174021,
interaction_classification,2,B4_noise_rotation,4,800,0.27313237119521583,low,concept,0.0,0.27313237119521583,False,False,True,False,False,0.12289015132859038,1.0,1.1595054483499379,1.1595054483499379,0.04765412090530253,1.0,0.18053614031410115,0.0005696998725622559,0.09920341241175104,0.8883824890021668,
interaction_classification,2,B5_hidden_compound,5,800,0.9999999521571773,high,covariate,0.9999999521571773,0.0,True,False,False,False,False,0.1666207396760092,0.14420456825340378,1.3174119591972098,1.0599100157424555,0.07776664534859261,0.07625,0.34299716015820025,0.08785670126772971,0.009393849542110796,0.8888888888888888,u_2;u_1;u_0
interaction_classification,3,B1_covariate,1,800,0.9999017254122878,high,covariate,0.9999017254122878,0.0,True,False,False,False,False,0.1513575469369268,0.3384773811100042,1.0582773827824172,0.6312781564896436,0.6696104570702275,0.14875,0.12181862578476338,0.41015569276337516,0.0,0.8888888888888888,u_1;u_0
interaction_classification,3,B2_prior_label,2,800,0.9999992594128547,high,compound,0.9999979868754207,0.6321205588285577,True,True,False,True,False,0.2762932979832864,2.5318627443984844e-05,2.6534703885035564,2.269311941521766,1.1333302653311388e-21,0.5725,1.0,2.155848330232911e-52,0.7706865119151444,0.8888888888888888,u_0;u_1
interaction_classification,3,B3_concept,3,800,0.9629089279678023,high,compound,0.7485590841989476,0.8524859332697254,True,True,True,False,False,0.27610944885489286,1.963435924748721e-05,1.9569158700432951,1.9569158700432951,0.00010244456836873449,1.0,0.307829516402989,1.7692016460216192e-09,0.6225795340732765,0.8888888873162651,
interaction_classification,3,B4_noise_rotation,4,800,0.0,none,none,0.0,0.0,False,False,False,False,False,0.11397343142154198,1.0,1.0414183215059345,1.0414183215059345,0.0219336356729942,1.0,0.12231304938302974,0.026331335155359542,0.0,0.8799999999999999,
interaction_classification,3,B5_hidden_compound,5,800,0.999999979837137,high,compound,0.9999999349042401,0.6902584275311942,True,False,True,True,False,0.09704794201775079,1.0,1.5860084831845336,1.225013449677712,0.012144052287945498,0.06875,0.574886296022771,0.005443451386244929,0.15416165909573043,0.8888888888888888,u_2;u_1;u_0
interaction_classification,4,B1_covariate,1,800,0.999818863463818,high,covariate,0.999818863463818,0.0,True,False,False,False,False,0.12153782224134882,1.0,0.998676685992926,0.6666161069669634,0.19341479412502216,0.1875,0.08875229457286182,0.5233129129109084,0.0,0.8888888888888888,u_1;u_0
interaction_classification,4,B2_prior_label,2,800,0.9999985419431292,high,compound,0.9999960365905034,0.6321205588285577,True,True,False,True,False,0.3278948322532146,8.330966722001516e-08,2.2014678778813166,2.112054225534636,2.2459521048706774e-16,0.52125,1.0,3.6179494773152806e-38,0.6988708763140378,0.8888888888888888,u_1;u_0
interaction_classification,4,B3_concept,3,800,0.9805479494915061,high,compound,0.7389997016871137,0.9254711560322633,True,True,True,False,False,0.2686467457397693,3.3052723987434587e-05,2.298284530587196,2.298284530587196,5.92483058775843e-09,1.0,0.31244103169555665,4.6051542421715686e-09,0.783372824210066,0.8888888847954184,
interaction_classification,4,B4_noise_rotation,4,800,0.0,none,none,0.0,0.0,False,False,False,False,False,0.1162698962705428,1.0,1.1214092701553995,1.1214092701553995,0.04241520811902821,1.0,0.2649558679025016,9.095476334134425e-07,0.06579600709505978,0.8799999999999999,
interaction_classification,4,B5_hidden_compound,5,800,0.999999984071129,high,covariate,0.9999999602228541,0.5995471605219086,True,False,False,False,True,0.12310396165522988,1.0,1.4575796367597071,1.2897901877592357,0.2514746851647141,0.05625,0.1186214145827259,0.586703205820162,0.27148540292317275,0.8888888888888888,u_2;u_0;u_1
mixed_classification,0,B1_covariate,1,800,0.9996876828400936,high,covariate,0.9996876828400936,0.0,True,False,False,False,False,0.1388769285069807,0.39496247839974447,0.801410334253726,0.8597330807733851,0.502732412532756,0.2875,0.37724963669366335,0.0004400861538188059,0.0,0.8888888888888888,num_0;num_1
mixed_classification,0,B2_prior_label,2,800,0.9999997539314804,high,compound,0.9999993311164147,0.6321205588285577,True,False,False,True,False,0.17874858726904497,0.04232048739660735,1.7083404323333498,1.7048789783183849,6.790549812366518e-05,0.9975,1.0,1.2797822668232486e-74,0.48470396358839085,0.8888888888888888,num_0;num_1
mixed_classification,0,B3_concept,3,800,0.9409128544759948,high,compound,0.45568764837113873,0.8914462526025982,True,False,True,False,False,0.18162250078064746,0.03687436108449486,2.110254930468859,2.122116043202296,1.871983621666874e-09,0.96625,0.49587068372898413,2.3681418765530593e-24,0.7036235602963725,0.8888888888888888,num_1;num_0
mixed_classification,0,B4_noise_rotation,4,800,0.0,none,none,0.0,0.0,False,False,False,False,False,0.09251848151575054,1.0,1.0774422854488177,1.0774422854488177,0.26379070457728093,1.0,0.21329920597148216,4.3996683322016406e-05,0.025799814003195982,0.8799999999999999,
mixed_classification,0,B5_hidden_compound,5,800,0.9999997727223562,high,compound,0.9999993784435661,0.6343410968992284,True,False,True,False,False,0.1277774405052978,0.6739149130779057,1.5030271694326924,1.3945162545006977,0.0073209788693861955,0.17875,0.10866823008001063,0.387874470950874,0.30955723400089585,0.8888888888888888,num_2;num_1;num_0
mixed_classification,1,B1_covariate,1,800,0.9995954017812901,high,covariate,0.9995954017812901,0.0,True,False,False,False,False,0.13893796434781572,0.393530921765758,1.010668258480747,0.9938262313521457,0.8833723623252792,0.35,0.06552490032416203,0.376117501370007,0.0,0.8888888888888888,num_0;num_1
mixed_classification,1,B2_prior_label,2,800,0.9999996162553284,high,compound,0.9999989568738326,0.6321205588285577,True,False,False,True,False,0.12630371342082866,0.7224517058504016,1.2393649616787574,1.233979038786456,0.00025402422224557735,0.995,1.0,8.458046930351143e-61,0.16145377477278042,0.8888888888888888,num_0;num_1
mixed_classification,1,B3_concept,3,800,0.930799526484406,high,compound,0.4263392090561191,0.8793703969174291,True,False,True,False,False,0.13914685327774506,0.39294115834967625,2.057515279890527,2.036843688771607,4.550739789272358e-07,0.97875,0.40769905485676255,3.5496785651100224e-17,0.6626112341326501,0.8888888888888888,num_1;num_0
mixed_classification,1,B4_noise_rotation,4,800,0.0,none,none,0.0,0.0,False,False,False,False,False,0.12461441493159958,0.7792736630636438,0.9605689676758273,0.9605689676758273,0.6904354154815147,1.0,0.24998543660839703,2.0636478118435367e-06,0.0,0.8799999999999999,
mixed_classification,1,B5_hidden_compound,5,800,0.9999998350747175,high,compound,0.9999994039621574,0.7232972962845658,True,False,True,False,False,0.1130131262052996,1.0,1.6424058104744172,1.5231053345861338,0.0016998917863293652,0.21,0.2920261649175889,0.01063573093545421,0.37196106991673566,0.8888888888888888,num_2;num_1;num_0
mixed_classification,2,B1_covariate,1,800,0.9996058357861445,high,covariate,0.9996058357861445,0.0,True,False,False,False,False,0.09648249514959267,1.0,0.897540295446269,0.94677433083581,0.5580898488957121,0.35,0.21441444389550174,0.03903527186420578,0.0,0.8888888888888888,num_0;num_1
mixed_classification,2,B2_prior_label,2,800,0.9999999346301371,high,compound,0.9999998223062896,0.6321205588285577,True,False,False,True,False,0.15478827580164933,0.1741691052003543,1.9064231256076136,1.8148384049488422,1.2037364600084107e-12,0.93,1.0,7.300723659745143e-86,0.5472062664976642,0.8888888888888888,num_0;num_1;cat_tier__code
mixed_classification,2,B3_concept,3,800,0.8982257524748744,high,compound,0.8018012508706623,0.4865040875777106,True,False,False,True,False,0.16711704280742892,0.07967676009219592,2.5933728283706388,2.5890855237532273,2.811832326166753e-11,0.8975,0.6665132098744389,2.5181284492364634e-34,0.9025145695627663,0.8888888888888888,cat_id__code;cat_tier__code;num_0
mixed_classification,2,B4_noise_rotation,4,800,0.0,none,none,0.0,0.0,False,False,False,False,False,0.09817548024569328,1.0,1.0969615021381887,1.0969615021381887,0.16908621394652412,1.0,0.06635388600058853,0.2139074414285469,0.043753922741396216,0.8799999999999999,
mixed_classification,2,B5_hidden_compound,5,800,0.9999995577763023,high,compound,0.9999991667586908,0.4692729552106769,True,False,False,True,False,0.11983665971593394,0.9640703992581916,1.2778311624489662,1.2998498681620916,0.44168564631384305,0.21125,0.6335074298488019,5.8035625680685325e-08,0.25721253034127,0.8888888888888888,num_2;num_0;num_1
mixed_classification,3,B1_covariate,1,800,0.9996226623009341,high,covariate,0.9995013819609827,0.24323295681486934,True,False,False,False,True,0.12087101646427542,0.9215294458175582,1.1393499048905251,1.392246068082746,0.538605967719137,0.34875,0.23040284134658257,0.016053984873629728,0.28212815516823136,0.8888888888888888,num_1;num_0;cat_id__code
mixed_classification,3,B2_prior_label,2,800,0.9999991928158821,high,compound,0.99999780584608,0.6321205588285577,True,False,False,True,False,0.18628907137350836,0.027774714486024456,1.8086913910104896,1.7496569279360246,1.2525078915747004e-09,0.945,1.0,4.764044999068216e-76,0.5106295633679923,0.8888888888888888,num_0;num_1
mixed_classification,3,B3_concept,3,800,0.68148850026775,high,compound,0.35812642446094045,0.5037784512865215,True,False,False,True,False,0.1674589081011241,0.08407490061718051,2.060955896420503,2.0499517762219783,4.961876578674506e-07,0.99375,0.7007327811916091,6.610296858846575e-43,0.6690261049100391,0.8888888888888888,num_0
mixed_classification,3,B4_noise_rotation,4,800,0.0,none,none,0.0,0.0,False,False,False,False,False,0.1557620785732478,0.1645321371232155,1.1157918568966598,1.1157918568966598,0.25579080038210167,1.0,0.20693053026463928,7.206033482394615e-05,0.06077417423776308,0.8799999999999999,
mixed_classification,3,B5_hidden_compound,5,800,0.9999996550078879,high,compound,0.9999993391690437,0.4779419625687673,True,False,True,False,False,0.12633343766725266,0.7147395608838029,1.3249882572306981,1.4321935786686493,0.011052315231574112,0.17125,0.05692656345269881,0.6788705979069852,0.3711912501052379,0.8888888888888888,num_2;num_1;num_0
mixed_classification,4,B1_covariate,1,800,0.9996742890575688,high,covariate,0.9996742890575688,0.0,True,False,False,False,False,0.1473683973504098,0.25914625943844555,1.0715304915832025,1.0744689152490259,0.07998508238608132,0.275,0.3618818118109166,0.0019758192106992907,0.02303634300952933,0.8888888888888888,num_0;num_1
mixed_classification,4,B2_prior_label,2,800,0.9999997913621558,high,compound,0.9999994328635393,0.6321205588285577,True,False,False,True,False,0.174790554683583,0.05585834365633989,1.4190012173813276,1.395361175118673,4.208156687769993e-05,0.97875,1.0,9.785160456738142e-70,0.3073994674979261,0.8888888888888888,num_0;num_1
mixed_classification,4,B3_concept,3,800,0.7032418503062495,high,compound,0.45807508191017465,0.45239988089168826,True,False,False,True,False,0.19679958722948798,0.01303094297810726,2.433714793769051,2.3801061083611077,2.0555409408220668e-14,0.94625,0.6022099680581668,1.3186442901098846e-29,0.8183549058651467,0.8888888888888888,num_0;num_1
mixed_classification,4,B4_noise_rotation,4,800,0.0,none,none,0.0,0.0,False,False,False,False,False,0.1537555254796376,0.1805530605029395,1.073866199955787,1.073866199955787,0.17985198170277106,1.0,0.28792806080145605,4.488080514695092e-08,0.02247524310962449,0.8799999999999999,
mixed_classification,4,B5_hidden_compound,5,800,0.99999924527048,high,compound,0.9999986645380186,0.4348551059862863,True,False,False,True,False,0.12409901043734979,0.7813547590172591,1.223142808773565,1.3454091194474438,0.4624334877008497,0.205,0.570673131131475,8.238301773760967e-07,0.270383223769077,0.8888888888888888,num_2;num_1;num_0
highdim_regression,0,B1_covariate,1,800,0.9997725995027809,high,covariate,0.9997725995027809,0.0,True,False,False,False,False,0.17190919123773696,1.0,0.9586175521552881,0.8813431334951589,0.28094169169080013,0.38125,0.00018657462430964045,0.8900561932470527,0.0,0.8888888888888888,dim_0;dim_1
highdim_regression,0,B2_prior_label,2,800,0.9999979308955406,high,compound,0.9999944610338086,0.6264457323061153,True,False,False,True,False,0.2461631922265055,0.010055675316336391,13.639382765861646,13.631883133253266,1.3874033450447888e-80,0.98,0.9846919899330846,1.457958600656413e-114,2.563621232909335,0.8888888888888888,dim_0;dim_1
highdim_regression,0,B3_concept,3,800,0.6286328641296188,high,prior,0.0,0.6286328641296188,False,False,False,True,False,0.20517798292628558,0.21848226732248865,3.598603854005451,3.598603854005451,7.799520194640008e-19,1.0,0.9905641211344289,5.393853079256702e-75,1.2317557877398353,0.8888888888888888,
highdim_regression,0,B4_noise_rotation,4,800,0.9979859580048867,high,compound,0.9711969618594615,0.9300753627000635,True,True,True,False,False,0.7094548812826199,5.153861851826121e-37,2.330168613447266,2.330168613447266,6.623401109428991e-11,1.0,0.0030710877075063037,0.35922370898220124,0.7971504670762439,0.8888888888888888,
highdim_regression,0,B5_hidden_compound,5,800,0.9999999681455144,high,compound,0.9999990146275636,0.9676726439787644,True,True,True,False,False,0.7655058199356257,4.117757218482439e-44,2.7159207357795876,9.154065023687899,2.2210957367256657e-09,0.18125,0.05905966600931569,0.008838107899103548,2.165407881345496,0.8888888888888888,dim_2;dim_0
highdim_regression,1,B1_covariate,1,800,0.9995679644815045,high,covariate,0.9995679644815045,0.0,True,False,False,False,False,0.18702213153595815,0.7282993232398406,0.864962632981636,0.812030370355819,0.4115648219591521,0.36,0.03696046693923024,0.06336008332577422,0.0,0.8888888888888888,dim_1;dim_0
highdim_regression,1,B2_prior_label,2,800,0.9999964388593654,high,compound,0.9999914430875437,0.5838287872146337,True,False,False,True,False,0.19222602799884947,0.5279288842710402,8.538658580075642,8.58660002051825,2.5974364564849356e-76,0.985,0.8766585341966517,1.3906226866138718e-83,2.1014126867828824,0.8888888888888888,dim_0;dim_1
highdim_regression,1,B3_concept,3,800,0.6503139310632897,high,prior,0.0,0.6503139310632897,False,False,False,True,False,0.1981360618465449,0.34668399092389846,3.318749124515878,3.318749124515878,1.8388951490420047e-16,1.0,1.050719472890457,7.536509072110333e-78,1.1507977780392864,0.8888888888888888,
highdim_regression,1,B4_noise_rotation,4,800,0.9961993208093278,high,compound,0.9805248499754848,0.8048446771455964,True,True,True,False,False,0.7877231967627821,4.811386595666859e-47,1.8169797550097764,1.8169797550097764,2.3011491965790703e-06,1.0,0.0003308096205343439,0.7815945504598563,0.5483854831956152,0.8888888888888888,
highdim_regression,1,B5_hidden_compound,5,800,0.9999999241243965,high,compound,0.9999991522937707,0.9104930448425618,True,True,True,False,False,0.7590012540471249,8.005353269703115e-43,2.206719472732199,7.486280593159545,6.316925124374914e-05,0.18375,0.005803264708110174,0.43949017423095765,1.964281926998756,0.8888888888888888,dim_2;dim_0;dim_1
highdim_regression,2,B1_covariate,1,800,0.9997624475449072,high,covariate,0.9997624475449072,0.0,True,False,False,False,False,0.1833397546430306,0.9308953590839889,1.1422113206684448,1.0755619483111654,0.03922347366969312,0.4375,0.03904458339672873,0.02978396542104054,0.02405310344290703,0.8888888888888888,dim_1;dim_0
highdim_regression,2,B2_prior_label,2,800,0.9999935993325347,high,compound,0.9999839164445333,0.6020365348634151,True,False,False,True,False,0.2265376997773634,0.04531352870236376,8.982470961081662,8.960854278595631,5.980746215057537e-76,0.98625,0.921395074050457,2.294153621757967e-88,2.168128505308665,0.8888888888888888,dim_1;dim_0
highdim_regression,2,B3_concept,3,800,0.5685180088861514,medium,prior,0.0,0.5685180088861514,False,False,False,True,False,0.18312911851268177,0.34015312956873056,4.713563683974909,4.713563683974909,1.5754964943102924e-19,1.0,0.8405295048710929,1.0368683156338333e-79,1.501654078567143,0.8888888888888888,
highdim_regression,2,B4_noise_rotation,4,800,0.9989503197233692,high,compound,0.9776214737554697,0.9530943072318111,True,True,True,False,False,0.7599306859434996,1.7894182586399653e-43,2.529808114955571,2.529808114955571,8.399151833016149e-10,1.0,0.003206630718606252,0.34570349134170136,0.8793532918026248,0.8888888888888888,
highdim_regression,2,B5_hidden_compound,5,800,0.9999995363263501,high,compound,0.9999975921254382,0.8074344663787594,True,True,True,False,False,0.7300269367311868,2.2282431774871093e-40,1.8236593743964418,4.066741092017667,2.95166113370713e-06,0.23375,0.012124607743941187,0.23572862718290394,1.354051800050022,0.8888888888888888,dim_2;dim_0;dim_1
highdim_regression,3,B1_covariate,1,800,0.9997053026126381,high,covariate,0.9997053026126381,0.0,True,False,False,False,False,0.2011804080724102,0.2859719644633069,1.2417963717166736,1.2767733754129038,0.41524389527384875,0.36375,0.004543621927233956,0.46525409633841763,0.1955459307364127,0.8888888888888888,dim_0;dim_1
highdim_regression,3,B2_prior_label,2,800,0.999998175361115,high,compound,0.9999955047893941,0.5940926810833138,True,False,False,True,False,0.12075239156388912,1.0,11.629636486944129,11.57651859085167,1.0075458399824361e-79,0.98875,0.9016304239702438,4.5449391756973114e-100,2.595734553687792,0.8888888888888888,dim_0;dim_1
highdim_regression,3,B3_concept,3,800,0.6811971439727333,high,prior,0.0,0.6811971439727333,False,False,False,True,False,0.20526916330699835,0.2177825560050775,2.639480150054521,2.639480150054521,3.3333632600293657e-13,1.0,1.1431823734259465,4.775201403610503e-72,0.9217918207407745,0.8888888888888888,
highdim_regression,3,B4_noise_rotation,4,800,0.9985013039386395,high,compound,0.9704303290048736,0.9493164444877483,True,True,True,False,False,0.704201214297165,2.2312542766025843e-36,2.491076884934124,2.491076884934124,2.159686896381755e-09,1.0,0.0003258271686605596,0.7565783395999377,0.8639249367222605,0.8888888888888888,
highdim_regression,3,B5_hidden_compound,5,800,0.9999999432221127,high,compound,0.999997931733768,0.9725480760532562,True,True,True,False,False,0.7550992987617952,1.905907284917807e-43,2.7976595121740813,6.650284569677453,1.0806824299756145e-07,0.18375,0.05543487551952864,0.010964120334873356,1.8458694820154604,0.8888888888888888,dim_2;dim_0;dim_1
highdim_regression,4,B1_covariate,1,800,0.9993189164052139,high,covariate,0.9993189164052139,0.0,True,False,False,False,False,0.2266449054758733,0.01926687815003804,0.7070480980670557,0.8549004866445674,0.7652662714054645,0.4275,3.630115125827456e-05,0.9558599273728048,0.0,0.8888888888888888,dim_0;dim_1
highdim_regression,4,B2_prior_label,2,800,0.9999935770952578,high,compound,0.9999838036103601,0.6034360196915773,True,False,False,True,False,0.18122993163707946,1.0,11.655640951083123,11.620586521742453,6.327500472210288e-80,0.99375,0.9249178882301589,7.202447220965817e-101,2.4039880611734854,0.8888888888888888,dim_1;dim_0
highdim_regression,4,B3_concept,3,800,0.5954846377308828,medium,prior,0.0,0.5954846377308828,False,False,False,True,False,0.17427817856443173,1.0,3.6708296494429664,3.6708296494429664,2.7081143168427744e-20,1.0,0.905065564789135,9.47042331561513e-72,1.2516275348672856,0.8888888888888888,
highdim_regression,4,B4_noise_rotation,4,800,0.9978650263101622,high,compound,0.9733296100557632,0.9199496634919211,True,True,True,False,False,0.7248402639627713,1.4618697272023012e-39,2.2625498179122947,2.2625498179122947,9.357180778829976e-10,1.0,0.01962013940488368,0.02508184129094503,0.7677022511468583,0.8888888888888888,
highdim_regression,4,B5_hidden_compound,5,800,0.9999999267754007,high,compound,0.9999983570583604,0.9554307971211232,True,True,True,False,False,0.6171605907240021,3.557030926454441e-27,2.555356088442299,5.824795395316237,5.549581554612813e-08,0.22125,0.017243342701697747,0.14445437823802984,1.7133337093978267,0.8888888888888888,dim_2;dim_0;dim_1
heteroscedastic_regression,0,B1_covariate,1,800,0.999888378576594,high,covariate,0.999888378576594,0.0,True,False,False,False,True,0.1166204640484321,1.0,0.9362522235752173,10.418828640131952,0.6049381073823094,0.175,0.006717950875815891,0.48678657500816197,2.2948244512621283,0.8888888888888888,var_1;var_0
heteroscedastic_regression,0,B2_prior_label,2,800,0.9999987515628057,high,compound,0.9999972935664488,0.5387150023590994,True,False,False,True,False,0.12939702953849758,0.9866753149172738,1.2914938134208367,1.1958479252701868,7.851061224476283e-12,0.595,0.7737392108615824,2.184652337330325e-25,0.1300653304902826,0.8888888888888888,var_1;var_0
heteroscedastic_regression,0,B3_concept,3,800,0.5978641577115329,medium,prior,0.0,0.5978641577115329,False,False,False,True,False,0.1001947133895435,1.0,3.1321525433253474,3.1321525433253474,4.0863041529848107e-16,1.0,0.9109653313034508,2.7950385548445093e-60,1.0929303175385228,0.8888888888888888,
heteroscedastic_regression,0,B4_noise_rotation,4,800,0.6945009935130797,high,concept,0.0,0.6945009935130797,False,False,True,False,False,0.1318159243117085,0.8986810974021646,1.5929043762322077,1.5929043762322077,0.0001320129305522119,1.0,0.0008337662511848296,0.6839448958027435,0.4167688374816848,0.8887715440617313,
heteroscedastic_regression,0,B5_hidden_compound,5,800,1.0,high,compound,0.9999999578867174,1.0,True,False,True,False,False,0.1332156715297509,0.834651060424089,72.87678964167432,453.1565187668505,4.4707866672375597e-26,0.08625,0.025629828440281728,0.18795418413203108,6.067447417678292,0.8888888888888888,var_2;var_1;var_0
heteroscedastic_regression,1,B1_covariate,1,800,0.9998786736485694,high,covariate,0.9998786736485694,0.0,True,False,False,False,True,0.11598011607319031,1.0,0.7059094273099843,10.390082393715034,0.9619213982829168,0.1675,0.0013798642137776845,0.7721252722353764,2.292061571007954,0.8888888888888888,var_0;var_1
heteroscedastic_regression,1,B2_prior_label,2,800,0.9999984922281105,high,compound,0.9999965809524708,0.559008210145661,True,False,False,True,False,0.1367898501141265,0.7041602634150405,1.386571790140537,1.3428045535175814,5.429828024967568e-14,0.575,0.8187290208189342,1.2331460993083286e-27,0.2459702130102095,0.8888888888888888,var_0;var_1
heteroscedastic_regression,1,B3_concept,3,800,0.5144387701033131,medium,prior,0.0,0.5144387701033131,False,False,False,True,False,0.14236441560673185,0.5381173000018638,4.288150162384884,4.288150162384884,5.749404148320395e-23,1.0,0.7224498820109216,5.387620645848352e-57,1.4070652781988033,0.8888888888888888,
heteroscedastic_regression,1,B4_noise_rotation,4,800,0.7894481720496886,high,concept,0.0,0.7894481720496886,False,False,True,False,False,0.16881747706312442,0.12758751449265443,1.7790117213123045,1.7790117213123045,1.411170677440441e-06,1.0,0.00678267939057156,0.22683516651510202,0.5272678332009948,0.8888876345149533,
heteroscedastic_regression,1,B5_hidden_compound,5,800,1.0,high,compound,0.999999953252848,1.0,True,False,True,False,False,0.1719139031036901,0.1073156187806324,49.91375800273136,408.0491237247668,5.806480797169825e-26,0.1,0.010884594639035575,0.35701744125943774,5.96259740427327,0.8888888888888888,var_2;var_0;var_1
heteroscedastic_regression,2,B1_covariate,1,800,0.999929863837427,high,covariate,0.999869857047718,0.46108366728107153,True,False,False,False,True,0.14885861336666964,0.3851999549364919,1.3090974734943144,14.616876962362117,0.30977041904269254,0.16625,0.013041051167995336,0.3042260757553614,2.6333866532679475,0.8888888888888888,var_1;var_0
heteroscedastic_regression,2,B2_prior_label,2,800,0.9999997813283459,high,compound,0.9999995094304013,0.5542494790979232,True,False,False,True,False,0.16992697426780332,0.11722859152968147,1.0305619165718038,1.0239435866119624,1.4846953294203714e-07,0.54,0.8079958536426507,2.6549556480563047e-22,0.0,0.8888888888888888,var_1;var_0
heteroscedastic_regression,2,B3_concept,3,800,0.571057109413113,medium,prior,0.0,0.571057109413113,False,False,False,True,False,0.1291651899854846,1.0,3.6032458727312253,3.6032458727312253,2.1246960758840392e-16,1.0,0.846431491090752,1.5197014462071235e-59,1.233044906381507,0.8888888888888888,
heteroscedastic_regression,2,B4_noise_rotation,4,800,0.566432389210993,medium,concept,0.0,0.566432389210993,False,False,True,False,False,0.09146804560792376,1.0,1.4178537650057994,1.4178537650057994,0.0037782944913593293,1.0,0.0010944527724428162,0.654982374342727,0.300354130982003,0.8855304048965694,
heteroscedastic_regression,2,B5_hidden_compound,5,800,1.0,high,compound,0.9999999105315541,1.0,True,False,True,False,False,0.13978359847905417,0.6114616942907959,54.45277991673297,389.60799784941673,8.344112043429548e-28,0.0775,0.004902465186811483,0.5858265977776437,5.91635093574917,0.8888888888888888,var_2;var_0;var_1
heteroscedastic_regression,3,B1_covariate,1,800,0.9999017254122878,high,covariate,0.9999017254122878,0.0,True,False,False,False,True,0.1513575469369268,0.3384773811100042,0.8134374225036759,9.47737935523599,0.8435011271298101,0.14875,0.0356766723952426,0.13672859949780056,2.200117674560008,0.8888888888888888,var_1;var_0
heteroscedastic_regression,3,B2_prior_label,2,800,0.99999897031616,high,compound,0.9999978226774321,0.5270871412638927,True,False,False,True,False,0.1444752266281266,0.48360083141292015,1.5593348005937597,1.5354072816783793,8.713333166346213e-16,0.61125,0.7488441384647071,3.4165835237549963e-28,0.38000551175956165,0.8888888888888888,var_0;var_1
heteroscedastic_regression,3,B3_concept,3,800,0.5804555736007918,medium,prior,0.0,0.5804555736007918,False,False,False,True,False,0.1301480827343646,0.9707561032769854,4.063180753841644,4.063180753841644,4.181067937465941e-21,1.0,0.8685858554659966,1.680013353051272e-70,1.3531759396245149,0.8888888888888888,
heteroscedastic_regression,3,B4_noise_rotation,4,800,0.3925869261993036,medium,concept,0.0,0.3925869261993036,False,False,True,False,False,0.11433915914164028,1.0,1.249273101199735,1.249273101199735,0.010378108900262887,1.0,0.0036676232055688615,0.43510406361578535,0.1737716989567903,0.8796639031997663,
heteroscedastic_regression,3,B5_hidden_compound,5,800,1.0,high,compound,0.9999999302303154,1.0,True,False,True,False,False,0.16225147519932742,0.17811642666197586,47.45579050108278,454.16189091607475,3.6024863451609566e-23,0.07875,0.0008842540878700175,0.8162210672209516,6.069663558230423,0.8888888888888888,var_2;var_1;var_0
heteroscedastic_regression,4,B1_covariate,1,800,0.999818863463818,high,covariate,0.999818863463818,0.0,True,False,False,False,True,0.12153782224134882,1.0,0.7205335059759532,9.385899138274779,0.7771718645643504,0.1875,0.00870006334857993,0.4522258208182812,2.190418307169643,0.8888888888888888,var_1;var_0
heteroscedastic_regression,4,B2_prior_label,2,800,0.9999981989561887,high,compound,0.9999964307571589,0.49539891468735775,True,False,False,True,False,0.15404003147374387,0.2887400253870069,1.410018757854044,1.4786894470157317,1.4507350673429015e-12,0.55375,0.6839870919399139,9.55197557323076e-25,0.34236602253893983,0.8888888888888888,var_1;var_0
heteroscedastic_regression,4,B3_concept,3,800,0.5265672135237713,medium,prior,0.0,0.5265672135237713,False,False,False,True,False,0.1210901149063511,1.0,3.4685449007266307,3.4685449007266307,8.235594601681357e-16,1.0,0.7477453268517101,4.156261912680088e-51,1.1949450048766144,0.8888888888888888,
heteroscedastic_regression,4,B4_noise_rotation,4,800,0.6227293168350791,high,concept,0.0,0.6227293168350791,False,False,True,False,False,0.14309630414190916,0.5166706086970014,1.4873961783437595,1.4873961783437595,0.007146419256406437,1.0,0.0023254130834172823,0.5010303533159798,0.34823689576093436,0.8825365162165275,
heteroscedastic_regression,4,B5_hidden_compound,5,800,1.0,high,compound,0.9999999638479684,1.0,True,False,True,False,False,0.10366087401906027,1.0,47.35675889451961,373.41740736305167,1.0049689232970128e-22,0.07375,0.004226388426163693,0.6231114734788652,5.873906684392157,0.8888888888888888,var_2;var_0;var_1
imbalanced_classification,0,B1_covariate,1,800,0.9998393826078991,high,compound,0.9994518248206735,0.7069962337618685,True,False,True,False,False,0.1561407084627727,0.2562532815391111,1.6137849079963131,2.7223560192618317,4.4050137619500115e-12,0.35125,0.26546727347688615,0.02481599747534309,0.9527075247701292,0.8888888888888888,s_1;s_0
imbalanced_classification,0,B2_prior_label,2,800,0.9999940110438278,high,compound,0.9999890079390102,0.4551562097592975,True,False,False,True,False,0.18847106166976935,0.033336934245065494,1.1514045014028673,1.156845607265921,0.9999411349655102,0.985,0.6072561488147886,1.433641983635174e-27,0.0969068328439607,0.8888888888888888,s_1;s_0
imbalanced_classification,0,B3_concept,3,800,0.9909971245418324,high,covariate,0.7146583999462464,0.9684487804916225,True,True,False,False,True,0.25081364395543676,0.0003529490494588583,2.7280715187722735,2.679052981597103,0.13235884838728545,0.98125,0.10953497238357102,0.16328168842122637,0.9366732028294753,0.8888887893710783,s_0
imbalanced_classification,0,B4_noise_rotation,4,800,0.6081291503905852,high,concept,0.0,0.6081291503905852,False,False,True,False,False,0.11314910777788931,1.0,1.4684114793796947,1.4684114793796947,0.0017455411735825047,1.0,0.2656459744512216,0.0002724104523631988,0.33539102605135007,0.8886467462645661,
imbalanced_classification,0,B5_hidden_compound,5,800,0.9999990502737044,high,compound,0.9999975546095284,0.611625911412183,True,False,True,False,False,0.15458896534192093,0.2839364239079938,1.472893129002023,1.396441733318165,0.011682214462465909,0.21,0.4399352332334381,0.000547098778237069,0.28513721799634767,0.8888888888888888,s_2;s_0;s_1
imbalanced_classification,1,B1_covariate,1,800,0.9998991480676288,high,compound,0.9994857203110152,0.8038967228702398,True,False,True,True,False,0.13498881314717448,0.7725099674964969,1.8145569171979816,3.270888899745893,2.2071965137254585e-08,0.34625,0.5708715500851811,1.205668366939071e-05,1.136271618584026,0.8888888888888888,s_0;s_1
imbalanced_classification,1,B2_prior_label,2,800,0.9999804264007414,high,compound,0.9999546980369866,0.5679304392875479,True,True,False,True,False,0.2578597706121696,0.00017836626725954875,1.4271996529801692,1.4925867822327106,0.8497270253664944,0.93875,0.8391686835326693,3.1009352084065374e-44,0.3517205459743559,0.8888888888888888,s_1;s_0
imbalanced_classification,1,B3_concept,3,800,0.9912916080178533,high,covariate,0.6795114546944712,0.972827759026942,True,True,False,False,True,0.22758174866729144,0.002101862540198497,2.802779689629766,2.802779689629766,0.8142730874726458,1.0,0.17510524468544286,0.03067995646991355,0.9818215068613562,0.8870205666309346,
imbalanced_classification,1,B4_noise_rotation,4,800,0.5455876199679242,medium,gradual,0.0,0.5455876199679242,False,False,False,False,True,0.1386781178027528,0.6460278130453571,1.3943750835787143,1.3943750835787143,0.39742384234465056,1.0,0.41773479490806453,3.1924159594161144e-08,0.2836561819751377,0.8799999999999999,
imbalanced_classification,1,B5_hidden_compound,5,800,0.9999993345927157,high,compound,0.9999985645346663,0.5364518608326897,True,False,True,False,False,0.15239724854061973,0.3203741647903198,1.3844225196228348,1.3837135128031368,0.012431709571176086,0.1425,0.3428249205684821,0.04055260009129502,0.27598067217901007,0.8888888888888888,s_2;s_0;s_1
imbalanced_classification,2,B1_covariate,1,800,0.9999729673873713,high,compound,0.9994803970406734,0.9479744829327172,True,False,True,False,False,0.1845949124548993,0.04869232978845226,2.4780104839642587,4.020922396059853,4.526234079637807e-12,0.30875,0.44169197968827323,0.0006065517027859338,1.342721163897652,0.8888888888888888,s_1;s_0;s_7
imbalanced_classification,2,B2_prior_label,2,800,0.9999967948244045,high,compound,0.9999912874294219,0.6321205588285577,True,False,False,True,False,0.15200622827942414,0.3169856062166338,2.0132429916271963,2.0419078759436333,0.9999548647046208,0.96125,1.0,2.9338322808189565e-70,0.6650944399342072,0.8888888888888888,s_1;s_0
imbalanced_classification,2,B3_concept,3,800,0.7049232128058225,high,gradual,0.0,0.7049232128058225,False,False,False,False,True,0.18159066389024234,0.056071816624589085,1.6102598304699247,1.6102598304699247,0.45740418580719283,1.0,0.4862123667395746,1.3035061256309073e-11,0.4276053871907657,0.8799999999999999,
imbalanced_classification,2,B4_noise_rotation,4,800,0.0,none,none,0.0,0.0,False,False,False,False,False,0.15773203667361513,0.2403316482588479,1.1834904690104446,1.1834904690104446,0.3717683724337588,1.0,0.06585017126064008,0.38314297127372254,0.11967793254692818,0.8799999999999999,
imbalanced_classification,2,B5_hidden_compound,5,800,0.9999987730687885,high,compound,0.9999977299391325,0.45951616140723117,True,False,False,True,False,0.1618225850963064,0.19004505605580455,1.597868791609138,1.4930913989836494,0.02741058802579481,0.185,0.6152905431958544,9.474458322394588e-06,0.47173650340214257,0.8888888888888888,s_2;s_0;s_1
imbalanced_classification,3,B1_covariate,1,800,0.9998604719490749,high,compound,0.9994892849545238,0.7267986283916787,True,False,True,False,False,0.13936302377193482,0.6246664436858866,1.6487730653849213,3.182601644539951,1.1623416741153229e-05,0.355,0.48421062815629634,0.00039076373779902584,1.1089088253528268,0.8888888888888888,s_1;s_0
imbalanced_classification,3,B2_prior_label,2,800,0.9999939418888437,high,compound,0.9999835323465291,0.6321205588285577,True,True,False,True,False,0.21171763221182727,0.007332446953742321,1.857421268881443,1.8369584310393854,0.9942781521543921,0.98625,1.0,1.6217250991116842e-80,0.5593210130864482,0.8888888888888888,s_1;s_0
imbalanced_classification,3,B3_concept,3,800,0.9757648549876388,high,covariate,0.6751905173105803,0.9253865841240397,True,True,False,False,True,0.22490329512968854,0.002867780112183741,2.2977174752309413,2.2992029462133674,0.11963852136524128,0.99125,0.26959668423935,0.00029374010035156307,0.7837723535804112,0.8886145663186781,s_0
imbalanced_classification,3,B4_noise_rotation,4,800,0.0,none,none,0.0,0.0,False,False,False,False,False,0.14964858064012482,0.3668495218247333,1.1820681652329175,1.1820681652329175,0.6827966693869831,1.0,0.38820275390475656,1.942959887598795e-07,0.11847542255344981,0.8799999999999999,
imbalanced_classification,3,B5_hidden_compound,5,800,0.9999997526369593,high,covariate,0.9999992525091699,0.6690754845408805,True,False,False,False,True,0.13063465519186324,0.9458970570844238,1.552932489792436,1.5904201912664573,0.15349949269948227,0.195,0.2535299190701552,0.09546884639796757,0.5336835109394311,0.8888888888888888,s_2;s_0;s_1
imbalanced_classification,4,B1_covariate,1,800,0.9998770873510799,high,compound,0.999710514982216,0.5754092910890722,True,False,True,False,False,0.11203645815367382,1.0,1.4283148059666266,2.562977884311994,5.1888826567503445e-08,0.28375,0.06188445119393271,0.7146737980907559,0.8923796543465548,0.8888888888888888,s_1;s_0
imbalanced_classification,4,B2_prior_label,2,800,0.9999989851758758,high,compound,0.9999973793622818,0.6127568045156981,True,True,False,True,False,0.2174831460242161,0.004498349127659926,1.7394339471766098,1.700517142000643,0.7824319803225519,0.95625,0.9487023712164211,3.622936259972004e-50,0.4821422418097905,0.8888888888888888,s_1;s_0
imbalanced_classification,4,B3_concept,3,800,0.9687343441079991,high,covariate,0.7417501202099528,0.8789325442574478,True,True,False,False,True,0.27076552729230025,4.680976605759322e-05,2.055703701623528,2.0547995070281395,0.851758709138078,0.97125,0.18674293830427646,0.022659362113582555,0.6713881155291825,0.8888855551769382,s_0;s_1
imbalanced_classification,4,B4_noise_rotation,4,800,0.0,none,none,0.0,0.0,False,False,False,False,False,0.1446230515208718,0.480017750532499,1.3594659352651672,1.3594659352651672,0.1479567239723248,1.0,0.3161377376058736,2.2800348432925228e-05,0.2583017637958245,0.8799999999999999,
imbalanced_classification,4,B5_hidden_compound,5,800,0.9999997559494354,high,compound,0.9999991664650774,0.7072101503898769,True,False,True,True,False,0.14998367205176044,0.35080178227034436,1.6141500820639878,1.574510142780905,7.230875365315249e-05,0.19625,0.515819053183336,0.0002603855513398491,0.6634558030705272,0.8888888888888888,s_2;s_0;s_1
