dataset,model,final_avg_skill,forgetting,post_update_skill,prequential_skill
heteroscedastic_regression,A: no drift detection,0.2734063772236858,0.5876576023799661,0.7426076029453609,0.179003713454989
heteroscedastic_regression,ADAPT-X (proposed),0.12325942042712583,0.7680552653759488,0.7428290446859689,0.18671371409407264
heteroscedastic_regression,B: no replay (K=0),-3.4148184923139353,5.019691757633609,0.7490066501321438,0.16979940398512855
heteroscedastic_regression,C: no adaptive scaling,0.27837086751327533,0.583094252014471,0.7440016409273731,0.1787726033364597
heteroscedastic_regression,D: no stable persistent state,0.2272113328364449,0.6480163663562404,0.747641933155374,0.19008037678848227
heteroscedastic_regression,E: random replay,0.21395564181642968,0.6596025917698338,0.7431045445814717,0.18507047076748512
heteroscedastic_regression,Full retrain oracle*,0.6680754568885597,0.08931950737450589,0.7125792591482535,0.21915820185658869
heteroscedastic_regression,Naive incremental,-7.183558536030157,9.567014700745947,0.772693061887124,0.1635195098837942
heteroscedastic_regression,Standard replay (FIFO),0.0681160389292617,0.8419002991080093,0.7420712773683216,0.15470755761416724
heteroscedastic_regression,Static,0.3598074615575707,0.0,0.25771755824644826,0.25771755824644826
highdim_regression,A: no drift detection,0.7429684497212768,0.12227925303132077,0.8266351865999317,0.5522292802565932
highdim_regression,ADAPT-X (proposed),0.7351121686493186,0.12983210818732177,0.8246772776158512,0.5509989620528877
highdim_regression,B: no replay (K=0),0.6613667077177028,0.22693339152774478,0.8344628724005416,0.5030667353658284
highdim_regression,C: no adaptive scaling,0.7429684497212768,0.12227925303132077,0.8266351865999317,0.5522292802565932
highdim_regression,D: no stable persistent state,0.7229867427687011,0.11746865740531409,0.7980850724974811,0.5425670231472933
highdim_regression,E: random replay,0.7397196110916123,0.12592819813576167,0.8261793123857892,0.5549072552306893
highdim_regression,Full retrain oracle*,0.7933055180928431,0.02974015818490124,0.7904189873079168,0.6136642732468336
highdim_regression,Naive incremental,0.5583733443797972,0.33075258721149503,0.8164399798874795,0.4535126587752772
highdim_regression,Standard replay (FIFO),0.7070929530976289,0.15071219512287226,0.8042201817631222,0.5051690759415334
highdim_regression,Static,0.6056843784974003,0.0,0.5433281744599538,0.5433281744599538
imbalanced_classification,A: no drift detection,0.5695067887267399,0.10739102209839468,0.6215062118961825,0.47219810109823024
imbalanced_classification,ADAPT-X (proposed),0.6142133523244675,0.05205555410356032,0.6222921285838559,0.48724965675804616
imbalanced_classification,B: no replay (K=0),0.5444139315562956,0.14051672571272752,0.6355501638932076,0.4475111647108558
imbalanced_classification,C: no adaptive scaling,0.5695067887267399,0.10739102209839468,0.6215062118961825,0.47219810109823024
imbalanced_classification,D: no stable persistent state,0.5111343642889594,0.19455181349671952,0.6467316454549088,0.4557880418784802
imbalanced_classification,E: random replay,0.6135758058929611,0.05548899922484256,0.6316567413883626,0.47952500630964
imbalanced_classification,Full retrain oracle*,0.6635471481681366,0.03633537076031225,0.6549294983492223,0.4872582955780561
imbalanced_classification,Naive incremental,0.25250394935269255,0.4839764418828385,0.6333040904739733,0.3919589520032027
imbalanced_classification,Standard replay (FIFO),0.4124216959769357,0.3093487861858967,0.6373015485029974,0.4392415246862086
imbalanced_classification,Static,0.4592557395044315,0.0,0.4082754736983564,0.4082754736983564
interaction_classification,A: no drift detection,0.5607747155337742,0.09507005596055831,0.633054689888182,0.5733284693160154
interaction_classification,ADAPT-X (proposed),0.5786298298053758,0.08132070133657202,0.6332196643431904,0.568984511907279
interaction_classification,B: no replay (K=0),0.512818351565462,0.157241781091275,0.6292442294084208,0.5596991839503614
interaction_classification,C: no adaptive scaling,0.5611877345399348,0.09626832483782272,0.6339102433029218,0.5723019028999754
interaction_classification,D: no stable persistent state,0.49275074441945604,0.17429098778502827,0.6258669631783842,0.5531340732627589
interaction_classification,E: random replay,0.6167990803938593,0.055336295118486326,0.651907213647358,0.5811226766238943
interaction_classification,Full retrain oracle*,0.6919327617040286,0.02773249952249216,0.7026822421495386,0.6059355395187793
interaction_classification,Naive incremental,0.19780019477550262,0.48506538089020657,0.589739276668194,0.44730865210685167
interaction_classification,Standard replay (FIFO),0.4451919935208403,0.2643966269778698,0.6626253507279583,0.5425599265378366
interaction_classification,Static,0.5702113159496368,0.0,0.5524085873407947,0.5524085873407947
linear_regression,A: no drift detection,0.7353727599176194,0.13153901658642342,0.8332255116178737,0.48357026196768443
linear_regression,ADAPT-X (proposed),0.7260237464228102,0.1412907489661422,0.83183457118418,0.4846347623879012
linear_regression,B: no replay (K=0),0.6089273276056112,0.287293375852041,0.8385726883335634,0.45593354013943943
linear_regression,C: no adaptive scaling,0.7353727599176194,0.13153901658642342,0.8332255116178737,0.48357026196768443
linear_regression,D: no stable persistent state,0.6903711507032777,0.15565651502906525,0.8067995323446177,0.4557443745026017
linear_regression,E: random replay,0.7363353706241219,0.131905443610664,0.8344582089801793,0.48069335785451733
linear_regression,Full retrain oracle*,0.7856297032767086,0.027933668631801058,0.787554569108886,0.5110374319178383
linear_regression,Naive incremental,0.5298444244317512,0.36559691713344616,0.8244139785020611,0.39443100759252936
linear_regression,Standard replay (FIFO),0.6628917619281541,0.19910201488192228,0.811767950349983,0.4391924309849977
linear_regression,Static,0.5521574577061363,0.0,0.4855927012978773,0.4855927012978773
mixed_classification,A: no drift detection,0.5444809236731402,0.10186851436402596,0.6038081689728412,0.5397959640290656
mixed_classification,ADAPT-X (proposed),0.593753812278272,0.06659466936795944,0.6254897552965301,0.5429491971145239
mixed_classification,B: no replay (K=0),0.49845143499500705,0.17027154833585265,0.6192525411907664,0.5349422414601632
mixed_classification,C: no adaptive scaling,0.5488586146509632,0.1007063406232795,0.6074817213946433,0.5399239768303458
mixed_classification,D: no stable persistent state,0.5418638216757434,0.12288335125958545,0.6250786329487008,0.5439500050357917
mixed_classification,E: random replay,0.5739944699704209,0.09365964822928116,0.629606395755373,0.5465535955905073
mixed_classification,Full retrain oracle*,0.678200913957376,0.014012475928956594,0.6664578442284279,0.5730664415208707
mixed_classification,Naive incremental,0.3905570144478894,0.29865031952100196,0.6225455795975477,0.5157712804825877
mixed_classification,Standard replay (FIFO),0.5182396580583915,0.1551560587961357,0.6244236128430715,0.5444043034123968
mixed_classification,Static,0.5952429566870909,0.0,0.571712799132996,0.571712799132996
nonlinear_classification,A: no drift detection,0.6159172522770369,0.08849772272192456,0.6650056896660999,0.5875820525812377
nonlinear_classification,ADAPT-X (proposed),0.6562760441292232,0.04141806181460887,0.6652903648660093,0.5803482768700279
nonlinear_classification,B: no replay (K=0),0.5900316690410796,0.09671076532245852,0.6509390089259695,0.5578154520103057
nonlinear_classification,C: no adaptive scaling,0.6111149739909397,0.09494451455584643,0.6651861720093477,0.5857308866954185
nonlinear_classification,D: no stable persistent state,0.5846558797811373,0.10767335205683226,0.6540563248348595,0.5660482849248355
nonlinear_classification,E: random replay,0.6491788871268123,0.05396779565264883,0.6689122331439599,0.5812028522896873
nonlinear_classification,Full retrain oracle*,0.7180563594386702,0.008910429962831605,0.7001760928156322,0.6102644992447898
nonlinear_classification,Naive incremental,0.3007971242862288,0.4037119105098541,0.6240021002902187,0.5174613089079854
nonlinear_classification,Standard replay (FIFO),0.5590097787932562,0.1498398866154285,0.6727539975691216,0.5760338178990022
nonlinear_classification,Static,0.5942732561443702,0.0,0.5750969613772549,0.5750969613772549
nonlinear_regression,A: no drift detection,0.6309263205545648,0.32280775866777234,0.8925634150729854,-0.07587874447829794
nonlinear_regression,ADAPT-X (proposed),0.6590048085092951,0.28992314715750445,0.8930285642035092,-0.06733328312135439
nonlinear_regression,B: no replay (K=0),-0.19613238552397289,1.298784486653138,0.8764231983432023,-0.02970792464580089
nonlinear_regression,C: no adaptive scaling,0.6309263205545648,0.32280775866777234,0.8925634150729854,-0.07587874447829794
nonlinear_regression,D: no stable persistent state,0.5409348309387554,0.39293899147542927,0.8550583629207675,-0.10379986556692447
nonlinear_regression,E: random replay,0.5802154103297358,0.383880681531275,0.8926617250593191,-0.06901526708264909
nonlinear_regression,Full retrain oracle*,0.8243972433414104,0.05234179741406023,0.8514314654685868,-0.12877678531815445
nonlinear_regression,Naive incremental,-0.8571104934599434,2.0877207496063708,0.8706456666655236,-0.10549249392659059
nonlinear_regression,Standard replay (FIFO),0.11628054703062887,0.9260425628591934,0.8739187481823032,-0.10924917972866222
nonlinear_regression,Static,0.15547255065618198,0.0,-0.0019754300014967197,-0.0019754300014967197
