model,batch,update_latency_sec,state_kb,replay_rows,reference_rows,n_stages
ADAPT-X,0,0.147304996999992,354.162109375,500.0,512.0,1.0
ADAPT-X,1,0.09676816699993651,417.2158203125,500.0,512.0,2.0
ADAPT-X,2,0.16234369599987986,473.1650390625,500.0,512.0,3.0
ADAPT-X,3,0.04918669099993167,473.1650390625,500.0,512.0,3.0
ADAPT-X,4,0.04702620300008675,473.1650390625,500.0,512.0,3.0
ADAPT-X,5,0.04048912200005361,473.1650390625,500.0,512.0,3.0
ADAPT-X,6,0.040840726000169525,473.1650390625,500.0,512.0,3.0
ADAPT-X,7,0.04074747999993633,473.1650390625,500.0,512.0,3.0
ADAPT-X,8,0.10544344300001285,527.4267578125,500.0,512.0,4.0
ADAPT-X,9,0.11085170900014418,571.2041015625,500.0,512.0,5.0
ADAPT-X,10,0.1071885139999722,637.6962890625,500.0,512.0,6.0
ADAPT-X,11,0.12071505399990201,705.9580078125,500.0,512.0,7.0
ADAPT-X,12,0.0572411440000451,705.9580078125,500.0,512.0,7.0
ADAPT-X,13,0.12351368800000273,796.9033203125,500.0,512.0,8.0
ADAPT-X,14,0.053702637000014875,796.9033203125,500.0,512.0,8.0
ADAPT-X,15,0.05097707300001275,796.8759765625,500.0,512.0,8.0
ADAPT-X,16,0.05003233000002183,796.9033203125,500.0,512.0,8.0
ADAPT-X,17,0.05503065500010962,796.9033203125,500.0,512.0,8.0
ADAPT-X,18,0.10648914700004752,781.2509765625,500.0,512.0,8.0
ADAPT-X,19,0.10586831700015864,788.2822265625,500.0,512.0,8.0
ADAPT-X,20,0.13513410199993814,823.2509765625,500.0,512.0,8.0
ADAPT-X,21,0.06715383000005204,823.2509765625,500.0,512.0,8.0
ADAPT-X,22,0.11079451900013737,770.7705078125,500.0,512.0,8.0
ADAPT-X,23,0.05873989099995924,770.7705078125,500.0,512.0,8.0
ADAPT-X,24,0.0481535219998932,770.7705078125,500.0,512.0,8.0
ADAPT-X,25,0.05087751700011722,770.7705078125,500.0,512.0,8.0
ADAPT-X,26,0.048239525999861144,770.7705078125,500.0,512.0,8.0
ADAPT-X,27,0.09918450500003928,760.2001953125,500.0,512.0,8.0
ADAPT-X,28,0.11202247900018847,767.1689453125,500.0,512.0,8.0
ADAPT-X,29,0.1048756019999928,746.1650390625,500.0,512.0,8.0
Standard replay (FIFO),0,0.12906023299979097,309.1650390625,,,
Standard replay (FIFO),1,0.19318476600005852,305.8916015625,,,
Standard replay (FIFO),2,0.25409795699988535,344.3994140625,,,
Standard replay (FIFO),3,0.17546251399994617,291.9228515625,,,
Standard replay (FIFO),4,0.22577274000013858,375.9541015625,,,
Standard replay (FIFO),5,0.15653269900008127,323.3525390625,,,
Standard replay (FIFO),6,0.1747493679999934,354.8759765625,,,
Standard replay (FIFO),7,0.15043594100006885,323.3525390625,,,
Standard replay (FIFO),8,0.14626569000006384,330.3369140625,,,
Standard replay (FIFO),9,0.1790001479998864,323.3525390625,,,
Standard replay (FIFO),10,0.2508208769997964,417.8603515625,,,
Standard replay (FIFO),11,0.17495270299991716,323.3525390625,,,
Standard replay (FIFO),12,0.20130329700009497,312.8759765625,,,
Standard replay (FIFO),13,0.18042844599995078,316.3681640625,,,
Standard replay (FIFO),14,0.21917376699980196,319.8603515625,,,
Standard replay (FIFO),15,0.22555069999998523,347.8916015625,,,
Standard replay (FIFO),16,0.17996754199998577,281.3525390625,,,
Standard replay (FIFO),17,0.28378710700008014,424.8447265625,,,
Standard replay (FIFO),18,0.32664898499979245,470.3681640625,,,
Standard replay (FIFO),19,0.14803854599995248,323.3525390625,,,
Standard replay (FIFO),20,0.28949757100008355,512.4306640625,,,
Standard replay (FIFO),21,0.18733601899998575,305.8916015625,,,
Standard replay (FIFO),22,0.1810941029998503,316.3681640625,,,
Standard replay (FIFO),23,0.22335855599999377,375.9541015625,,,
Standard replay (FIFO),24,0.2015007320001132,288.3369140625,,,
Standard replay (FIFO),25,0.23082222900006855,354.8759765625,,,
Standard replay (FIFO),26,0.19353300299985676,298.9072265625,,,
Standard replay (FIFO),27,0.2313258419999329,333.9228515625,,,
Standard replay (FIFO),28,0.19545384599996396,319.8603515625,,,
Standard replay (FIFO),29,0.20949848000009297,305.8916015625,,,
Full retrain oracle*,0,0.21271767600001112,391.1962890625,,,
Full retrain oracle*,1,0.25716244800014465,569.4462890625,,,
Full retrain oracle*,2,0.2565696130000106,775.5087890625,,,
Full retrain oracle*,3,0.17197593100013364,890.5869140625,,,
Full retrain oracle*,4,0.20323968499997136,1030.2041015625,,,
Full retrain oracle*,5,0.3408348370001022,1285.2822265625,,,
Full retrain oracle*,6,0.24820773000010377,1435.2509765625,,,
Full retrain oracle*,7,0.2892538439998589,1571.3759765625,,,
Full retrain oracle*,8,0.3492713130001448,1780.9619140625,,,
Full retrain oracle*,9,0.29004245300006914,1923.9462890625,,,
Full retrain oracle*,10,0.3750967060000221,2140.5166015625,,,
Full retrain oracle*,11,0.2711386439998478,2220.6416015625,,,
Full retrain oracle*,12,0.4134492739999587,2440.7041015625,,,
Full retrain oracle*,13,0.49931590599999254,2615.2431640625,,,
Full retrain oracle*,14,0.47941814900013924,2803.7509765625,,,
Full retrain oracle*,15,0.4191738170000008,2929.3994140625,,,
Full retrain oracle*,16,0.4175168180001947,3086.4775390625,,,
Full retrain oracle*,17,0.3652853769999638,3239.9384765625,,,
Full retrain oracle*,18,0.44352642299986655,3428.5712890625,,,
Full retrain oracle*,19,0.564307183999972,3680.0634765625,,,
Full retrain oracle*,20,0.4485481379999783,3784.6337890625,,,
Full retrain oracle*,21,0.5010225969999738,3938.2197265625,,,
Full retrain oracle*,22,0.560332113999948,4130.3447265625,,,
Full retrain oracle*,23,0.40317918000005193,4245.3916015625,,,
Full retrain oracle*,24,0.4917065580000326,4402.4697265625,,,
Full retrain oracle*,25,0.5485675169998103,4597.9619140625,,,
Full retrain oracle*,26,0.49322034800002257,4758.5322265625,,,
Full retrain oracle*,27,0.5490190089999487,4926.0869140625,,,
Full retrain oracle*,28,0.6131541009999637,5083.1650390625,,,
Full retrain oracle*,29,0.5619237280000107,5264.6884765625,,,
