dataset,seed,model,test_skill,mean_update_latency_sec,total_trees,state_kb,updates_with_new_stage
linear_regression,0,ADAPT-X,0.8994542376955781,0.0506838452142964,136,548.8525390625,1
linear_regression,0,A: no drift detection,0.9054061918661813,0.12624262299998787,364,1049.6376953125,14
linear_regression,1,ADAPT-X,0.8784854985897653,0.04762259735715751,127,539.013671875,0
linear_regression,1,A: no drift detection,0.9217769894483165,0.14380478614283934,370,1083.1220703125,14
nonlinear_classification,0,ADAPT-X,0.711112812398986,0.04465570614286207,76,436.16796875,0
nonlinear_classification,0,A: no drift detection,0.7909202266115447,0.15676078778569394,306,1014.0048828125,14
nonlinear_classification,1,ADAPT-X,0.6317832851679945,0.053067807642849275,58,389.83984375,0
nonlinear_classification,1,A: no drift detection,0.7754119074725081,0.1453141167143193,220,848.5908203125,14
mixed_classification,0,ADAPT-X,0.6711288032331275,0.051954445071471254,50,331.302734375,0
mixed_classification,0,A: no drift detection,0.656694620758846,0.16814626457146784,197,721.98046875,14
mixed_classification,1,ADAPT-X,0.7050584491599481,0.062268554999994716,84,428.58203125,1
mixed_classification,1,A: no drift detection,0.668224761339467,0.1792440373571448,245,865.177734375,14
