dataset,seed,model,test_skill,mean_update_latency_sec,total_trees,state_kb,maintain_updates
linear_regression,0,ADAPT-X,0.9075834433724377,0.12416575485719607,274,891.9814453125,14
linear_regression,0,A: no drift detection,0.9054061918661813,0.1392217982142938,364,1049.6376953125,0
linear_regression,1,ADAPT-X,0.9228140412320693,0.12765957157148478,316,988.3681640625,14
linear_regression,1,A: no drift detection,0.9217769894483165,0.15983191492851542,370,1083.1220703125,0
nonlinear_classification,0,ADAPT-X,0.7966960989469027,0.14765194992859115,206,766.9443359375,13
nonlinear_classification,0,A: no drift detection,0.7909202266115447,0.1518654562858046,306,1014.0048828125,0
nonlinear_classification,1,ADAPT-X,0.7767046568167506,0.1181272912856457,180,778.4658203125,14
nonlinear_classification,1,A: no drift detection,0.7754119074725081,0.15132139207129772,220,848.5908203125,0
mixed_classification,0,ADAPT-X,0.6565894389358835,0.15856952314282222,168,668.78515625,14
mixed_classification,0,A: no drift detection,0.656694620758846,0.16909195721437495,197,721.98046875,0
mixed_classification,1,ADAPT-X,0.6850505350282765,0.1713123072856888,147,626.13671875,13
mixed_classification,1,A: no drift detection,0.668224761339467,0.16741720978562366,245,865.177734375,0
